読み込み中,0,0,1000,名詞,一般,*,*,*,*,読み込み中,ヨミコミチュー,ヨミコミチュー,2/6,C0
ａｍａｚｏｎ,0,0,1000,名詞,一般,*,*,*,*,ａｍａｚｏｎ,アマゾン,アマゾン,1/4,C0
Ａｍａｚｏｎ,0,0,1000,名詞,一般,*,*,*,*,Ａｍａｚｏｎ,アマゾン,アマゾン,1/4,C0
ｃｏｍ,0,0,1000,名詞,一般,*,*,*,*,ｃｏｍ,コム,コム,1/2,C0
ｄｉｒｅｃｔｏｒｓ,0,0,1000,名詞,一般,*,*,*,*,ｄｉｒｅｃｔｏｒｓ,ダイレクターズ,ダイレクターズ,1/6,C0
行,0,0,1000,名詞,接尾,助数詞,*,*,*,行,ギョー,ギョー,1/2,C0
行上,0,0,1000,名詞,接尾,助数詞,*,*,*,行上,ギョーウエ,ギョーウエ,1/4,C0
行下,0,0,1000,名詞,接尾,助数詞,*,*,*,行下,ギョーシタ,ギョーシタ,1/4,C0
５０音順,0,0,1000,名詞,一般,*,*,*,*,５０音順,ゴジューオンジュン,ゴジューオンジュン,0/7,C0,50オンジュン
空行,0,0,1000,名詞,一般,*,*,*,*,空行,クーギョー,クーギョー,0/4,C0
行末,0,0,1000,名詞,一般,*,*,*,*,行末,ギョーマツ,ギョーマツ,0/4,C0
複数行,0,0,1000,名詞,一般,*,*,*,*,複数行,フクスーギョー,フクスーギョー,3/6,C0
現在行,0,0,1000,名詞,一般,*,*,*,*,現在行,ゲンザイギョー,ゲンザイギョー,3/6,C0
最上行,0,0,1000,名詞,一般,*,*,*,*,最上行,サイジョーギョー,サイジョーギョー,3/6,C0
行操作,0,0,1000,名詞,一般,*,*,*,*,行操作,ギョーソーサ,ギョーソーサ,1/5,C0
誤判定,0,0,1000,名詞,一般,*,*,*,*,誤判定,ゴハンテイ,ゴハンテイ,2/5,C0
表計算,0,0,1000,名詞,一般,*,*,*,*,表計算,ヒョーケイサン,ヒョーケイサン,3/5,C0
空要素,0,0,1000,名詞,一般,*,*,*,*,空要素,カラヨーソ,カラヨーソ,3/5,C0
拡張子,0,0,1000,名詞,一般,*,*,*,*,拡張子,カクチョーシ,カクチョーシ,3/5,C0
親オブジェクト,0,0,1000,名詞,一般,*,*,*,*,親オブジェクト,オヤオブジェクト,オヤオブジェクト,3/7,C0
小文字,0,0,1000,名詞,一般,*,*,*,*,小文字,コモジ,コモジ,0/3,C0
大文字,0,0,1000,名詞,一般,*,*,*,*,大文字,オーモジ,オーモジ,0/4,C0,オオモジ
ニコ生,0,0,1000,名詞,一般,*,*,*,*,ニコ生,ニコナマ,ニコナマ,0/4,C0
スリーマイル島原発,0,0,1000,名詞,一般,*,*,*,*,スリーマイル島原発,スリーマイルトーゲンパツ,スリーマイルトーゲンパツ,0/12,C0
孫正義,0,0,1000,名詞,一般,*,*,*,*,孫正義,ソンマサヨシ,ソンマサヨシ,4/6,C0,ソン マサヨシ
池田信夫,0,0,1000,名詞,一般,*,*,*,*,池田信夫,イケダノブオ,イケダノブオ,0/6,C0
方々,0,0,1000,名詞,一般,*,*,*,*,方々,カタガタ,カタガタ,2/4,C0
当分の間,0,0,1000,名詞,一般,*,*,*,*,当分の間,トーブンノアイダ,トーブンノアイダ,0/8,C0
中通り,0,0,1000,名詞,一般,*,*,*,*,中通り,ナカドーリ,ナカドーリ,3/5,C0
中,0,0,5000,名詞,一般,*,*,*,*,中,チュー,チュー,1/2,C0
中の人,0,0,1000,名詞,一般,*,*,*,*,中の人,ナカノヒト,ナカノヒト,1/5,C0
中程度,0,0,1000,名詞,一般,*,*,*,*,中程度,チューテード,チューテード,3/5,C0
各基,0,0,1000,名詞,一般,*,*,*,*,各基,カクキ,カクキ,1/3,C0
高,0,0,5000,名詞,一般,*,*,*,*,高,コー,コー,1/2,C0
県立高,0,0,1000,名詞,一般,*,*,*,*,県立高,ケンリツコー,ケンリツコー,0/6,C0
業務,0,0,1000,名詞,一般,*,*,*,*,業務,ギョーム,ギョーム,1/3,C0
値,0,0,1000,名詞,一般,*,*,*,*,値,アタイ,アタイ,0/3,C0
２４時間,0,0,1000,名詞,一般,*,*,*,*,２４時間,ニジューヨジカン,ニジューヨジカン,1/7,C0,24 ジカン
明朝,0,0,1000,名詞,一般,*,*,*,*,明朝,ミンチョー,ミンチョー,1/4,C0
障がい,0,0,1000,名詞,一般,*,*,*,*,障がい,ショーガイ,ショーガイ,0/4,C0
蓮舫,0,0,1000,名詞,一般,*,*,*,*,蓮舫,レンホー,レンホー,1/4,C0
既読,0,0,1000,名詞,一般,*,*,*,*,既読,キドク,キドク,0/3,C0
大嘘,0,0,1000,名詞,一般,*,*,*,*,大嘘,オーウソ,オーウソ,0/4,C0
１人,0,0,1000,名詞,一般,*,*,*,*,１人,ヒトリ,ヒトリ,2/3,C0
一人ひとり,0,0,1000,名詞,一般,*,*,*,*,一人ひとり,ヒトリヒトリ,ヒトリヒトリ,0/6,C0
日中,0,0,1000,名詞,一般,*,*,*,*,日中,ニッチュー,ニッチュー,3/4,C0
次,0,0,5000,名詞,一般,*,*,*,*,次,ツギ,ツギ,2/2,C0
他人事,0,0,1000,名詞,一般,*,*,*,*,他人事,タニンゴト,タニンゴト,0/5,C0
セブン―イレブン,0,0,1000,名詞,一般,*,*,*,*,セブン―イレブン,セブンイレブン,セブンイレブン,5/7,C0
東国原,0,0,1000,名詞,一般,*,*,*,*,東国原,ヒガシコクバル,ヒガシコクバル,5/7,C0
中越,0,0,1000,名詞,一般,*,*,*,*,中越,チューエツ,チューエツ,1/4,C0
発災,0,0,1000,名詞,一般,*,*,*,*,発災,ハッサイ,ハッサイ,0/4,C0
その上,0,0,1000,名詞,一般,*,*,*,*,その上,ソノウエ,ソノウエ,0/4,C0
時期,0,0,1000,名詞,一般,*,*,*,*,時期,ジキ,ジキ,1/2,C0
扱い,0,0,1000,名詞,一般,*,*,*,*,扱い,アツカイ,アツカイ,0/4,C0
停波,0,0,1000,名詞,一般,*,*,*,*,停波,テイハ,テイハ,0/3,C0
建屋,0,0,1000,名詞,一般,*,*,*,*,建屋,タテヤ,タテヤ,2/3,C0
なう,0,0,1000,名詞,一般,*,*,*,*,なう,ナウ,ナウ,1/2,C0
被り,0,0,1000,名詞,一般,*,*,*,*,被り,カブリ,カブリ,0/3,C0
寺田寅彦,0,0,1000,名詞,一般,*,*,*,*,寺田寅彦,テラダトラヒコ,テラダトラヒコ,0/7,C0
橋下,0,0,1000,名詞,一般,*,*,*,*,橋下,ハシモト,ハシモト,0/4,C0
フレッツ光,0,0,1000,名詞,一般,*,*,*,*,フレッツ光,フレッツヒカリ,フレッツヒカリ,2/7,C0
選択行,0,0,1000,名詞,一般,*,*,*,*,選択行,センタクギョー,センタクギョー,0/6,C0
ベクレル,0,0,1000,名詞,接尾,助数詞,*,*,*,ベクレル,ベクレル,ベクレル,1/4,C0
三毛猫,0,0,1000,名詞,一般,*,*,*,*,三毛猫,ミケネコ,ミケネコ,0/4,C0
数多く,0,0,1000,名詞,一般,*,*,*,*,数多く,カズオオク,カズオオク,1/5,C0
繁体字,0,0,1000,名詞,一般,*,*,*,*,繁体字,ハンタイジ,ハンタイジ,3/5,C0
上矢印,0,0,1000,名詞,一般,*,*,*,*,上矢印,ウエヤジルシ,ウエヤジルシ,4/6,C0
下矢印,0,0,1000,名詞,一般,*,*,*,*,下矢印,シタヤジルシ,シタヤジルシ,4/6,C0
大見出し,0,0,1000,名詞,一般,*,*,*,*,大見出し,オオミダシ,オオミダシ,3/5,C0
前景色,0,0,1000,名詞,一般,*,*,*,*,前景色,ゼンケイショク,ゼンケイショク,3/6,C0
八ッ場,0,0,1000,名詞,一般,*,*,*,*,八ッ場,ヤンバ,ヤンバ,0/3,C0
梅雨前線,0,0,1000,名詞,一般,*,*,*,*,梅雨前線,バイウゼンセン,バイウゼンセン,4/7,C0,バイウ ゼンセン
１都５県,0,0,1000,名詞,一般,*,*,*,*,１都５県,イットゴケン,イットゴケン,0/6,C0
１都６県,0,0,1000,名詞,一般,*,*,*,*,１都６県,イットロッケン,イットロッケン,0/7,C0
昔々,0,0,1000,名詞,一般,*,*,*,*,昔々,ムカシムカシ,ムカシムカシ,0/6,C0,ムカシ ムカシ
材販,0,0,1000,名詞,一般,*,*,*,*,材販,ザイハン,ザイハン,0/4,C0
盲ろう者,0,0,1000,名詞,一般,*,*,*,*,盲ろう者,モーローシャ,モーローシャ,3/5,C0
えき,0,0,1000,名詞,一般,*,*,*,*,えき,エキ,エキ,1/2,C0
はは,0,0,1000,名詞,一般,*,*,*,*,はは,ハハ,ハハ,1/2,C0
万国旗,0,0,1000,名詞,一般,*,*,*,*,万国旗,バンコクキ,バンコクキ,3/5,C0
多角形,0,0,1000,名詞,一般,*,*,*,*,多角形,タカクケイ,タカクケイ,2/5,C0
高脂血症,0,0,1000,名詞,一般,*,*,*,*,高脂血症,コーシケツショー,コーシケツショー,0/7,C0
買うた,0,0,1000,名詞,一般,*,*,*,*,買うた,コータ,コータ,1/3,C0
縫うた,0,0,1000,名詞,一般,*,*,*,*,縫うた,ヌータ,ヌータ,0/3,C0
透徹る,0,0,1000,名詞,一般,*,*,*,*,透徹る,スキトオル,スキトオル,3/5,C0
八日,0,0,1000,名詞,一般,*,*,*,*,八日,ヨーカ,ヨーカ,0/3,C0
何百,0,0,1000,名詞,一般,*,*,*,*,何百,ナンビャク,ナンビャク,1/4,C0
十日,0,0,1000,名詞,一般,*,*,*,*,十日,トオカ,トオカ,0/3,C0
ちゅうりっぷ,0,0,1000,名詞,一般,*,*,*,*,ちゅうりっぷ,チューリップ,チューリップ,1/5,C0
きゃりーぱみゅぱみゅ,0,0,1000,名詞,一般,*,*,*,*,きゃりーぱみゅぱみゅ,キャリーパミュパミュ,キャリーパミュパミュ,4/7,C0
為おおせる,0,0,1000,名詞,一般,*,*,*,*,為おおせる,シオオセル,シオオセル,4/5,C0
砂利道,0,0,1000,名詞,一般,*,*,*,*,砂利道,ジャリミチ,ジャリミチ,2/4,C0
少しずつ,0,0,1000,名詞,一般,*,*,*,*,少しずつ,スコシズツ,スコシズツ,4/5,C0
まづ,0,0,1000,名詞,一般,*,*,*,*,まづ,マズ,マズ,1/2,C0
一つづつ,0,0,1000,名詞,一般,*,*,*,*,一つづつ,ヒトツズツ,ヒトツズツ,4/5,C0
大きう,0,0,1000,名詞,一般,*,*,*,*,大きう,オオキュー,オオキュー,1/4,C0
うれしう,0,0,1000,名詞,一般,*,*,*,*,うれしう,ウレシュー,ウレシュー,2/4,C0
みづうみ,0,0,1000,名詞,一般,*,*,*,*,みづうみ,ミズウミ,ミズウミ,2/4,C0
もみぢ,0,0,1000,名詞,一般,*,*,*,*,もみぢ,モミジ,モミジ,1/3,C0
ヴァイオリン,0,0,1000,名詞,一般,*,*,*,*,ヴァイオリン,バイオリン,バイオリン,0/5,C0,ヴァイオリン
ヴィタミン,0,0,1000,名詞,一般,*,*,*,*,ヴィタミン,ビタミン,ビタミン,1/4,C0,ヴィタミン
ラヂオ,0,0,1000,名詞,一般,*,*,*,*,ラヂオ,ラジオ,ラジオ,1/3,C0
ヂャケット,0,0,1000,名詞,一般,*,*,*,*,ヂャケット,ジャケット,ジャケット,1/4,C0
ウヰスキー,0,0,1000,名詞,一般,*,*,*,*,ウヰスキー,ウイスキー,ウイスキー,1/5,C0
スヰフト,0,0,1000,名詞,一般,*,*,*,*,スヰフト,スイフト,スイフト,1/4,C0
ヱルテル,0,0,1000,名詞,一般,*,*,*,*,ヱルテル,ウェルテル,ウェルテル,1/4,C0
ヲルポール,0,0,1000,名詞,一般,*,*,*,*,ヲルポール,ウォルポール,ウォルポール,1/5,C0
ヘリコプタア,0,0,1000,名詞,一般,*,*,*,*,ヘリコプタア,ヘリコプター,ヘリコプター,1/6,C0
ちゅうりっぷ,0,0,1000,名詞,一般,*,*,*,*,ちゅうりっぷ,チューリップ,チューリップ,1/5,C0
おみやぁさん,0,0,1000,名詞,一般,*,*,*,*,おみやぁさん,オミャアサン,オミャアサン,2/5,C0
先生ぇさまぁ,0,0,1000,名詞,一般,*,*,*,*,先生ぇさまぁ,センセエサマア,センセエサマア,0/7,C0
おとゥ,0,0,1000,名詞,一般,*,*,*,*,おとゥ,オトー,オトー,2/3,C0
ヂェスチャー,0,0,1000,名詞,一般,*,*,*,*,ヂェスチャー,ジェスチャー,ジェスチャー,1/3,C0
ヒァーッ,0,0,1000,名詞,一般,*,*,*,*,ヒァーッ,ヒャーッ,ヒャーッ,1/3,C0
東井,0,0,1000,名詞,一般,*,*,*,*,東井,トーイ,トーイ,1/3,C0
みやこをどり,0,0,1000,名詞,一般,*,*,*,*,みやこをどり,ミヤコオドリ,ミヤコオドリ,4/6,C0,ミヤコ オドリ
をりがみ,0,0,1000,名詞,一般,*,*,*,*,をりがみ,オリガミ,オリガミ,2/4,C0
キャレット,0,0,1000,名詞,一般,*,*,*,*,キャレット,キャレット,キャレット,1/4,C0
ヱビスビール,0,0,1000,名詞,一般,*,*,*,*,ヱビスビール,エビスビール,エビスビール,4/6,C0,エビス ビール
十数人,0,0,1000,名詞,一般,*,*,*,*,十数人,ジュースーニン,ジュースーニン,3/6,C0,10スーニン
いらっしゃい,0,0,1000,名詞,一般,*,*,*,*,いらっしゃい,イラッシャイ,イラッシャイ,2/5,C0
ごめんください,0,0,1000,名詞,一般,*,*,*,*,ごめんください,ゴメンクダサイ,ゴメンクダサイ,0/7,C0,ゴメン クダサイ
おはようございます,0,0,1000,名詞,一般,*,*,*,*,おはようございます,オハヨーゴザイマス,オハヨーゴザイマス,0/9,C0,オハヨー ゴザイマス
嘘みたい,0,0,1000,名詞,一般,*,*,*,*,嘘みたい,ウソミタイ,ウソミタイ,1/5,C0
満遍,0,0,1000,名詞,一般,*,*,*,*,満遍,マンベン,マンベン,0/4,C0
形なし,0,0,1000,名詞,一般,*,*,*,*,形なし,カタナシ,カタナシ,0/4,C0
わかりっこ,0,0,1000,名詞,一般,*,*,*,*,わかりっこ,ワカリッコ,ワカリッコ,3/5,C0
言わしむれば,0,0,1000,名詞,一般,*,*,*,*,言わしむれば,イワシムレバ,イワシムレバ,4/6,C0
一人,0,0,1000,名詞,一般,*,*,*,*,一人,ヒトリ,ヒトリ,2/3,C0
二人,0,0,1000,名詞,一般,*,*,*,*,二人,フタリ,フタリ,0/3,C0
於て,0,0,1000,名詞,一般,*,*,*,*,於て,オイテ,オイテ,1/3,C0
この期,0,0,1000,名詞,一般,*,*,*,*,この期,コノゴ,コノゴ,0/3,C0
その節,0,0,1000,名詞,一般,*,*,*,*,その節,ソノセツ,ソノセツ,3/4,C0
二十日,0,0,1000,名詞,一般,*,*,*,*,二十日,ハツカ,ハツカ,0/3,C0
二十歳,0,0,1000,名詞,一般,*,*,*,*,二十歳,ハタチ,ハタチ,1/3,C0
３泊４日,0,0,1000,名詞,一般,*,*,*,*,３泊４日,サンパクヨッカ,サンパクヨッカ,1/7,C0,3パク ヨッカ
二百十日,0,0,1000,名詞,一般,*,*,*,*,二百十日,ニヒャクトーカ,ニヒャクトーカ,0/6,C0,2ヒャク トオカ
一日,0,0,1000,名詞,一般,*,*,*,*,一日,ツイタチ,ツイタチ,0/4,C0
十日,0,0,100,名詞,一般,*,*,*,*,十日,トーカ,トーカ,0/3,C0,トオカ
十四日,0,0,1000,名詞,一般,*,*,*,*,十四日,ジューヨッカ,ジューヨッカ,1/5,C0,14カ
二十四日,0,0,1000,名詞,一般,*,*,*,*,二十四日,ニジューヨッカ,ニジューヨッカ,1/6,C0,24カ
三三七拍子,0,0,1000,名詞,一般,*,*,*,*,三三七拍子,サンサンナナビョーシ,サンサンナナビョーシ,0/9,C0,3⠼3⠼7ビョーシ
三十三間堂,0,0,1000,名詞,一般,*,*,*,*,三十三間堂,サンジューサンゲンドー,サンジューサンゲンドー,1/10,C0,33ゲンドー
フレンドシップ,0,0,1000,名詞,一般,*,*,*,*,フレンドシップ,フレンドシップ,フレンドシップ,5/7,C0
我等,0,0,1000,名詞,一般,*,*,*,*,我等,ワレラ,ワレラ,1/3,C0
相たずさえる,0,0,1000,名詞,一般,*,*,*,*,相たずさえる,アイタズサエル,アイタズサエル,1/7,C0
各方面,0,0,1000,名詞,一般,*,*,*,*,各方面,カクホーメン,カクホーメン,1/6,C0,カク ホーメン
旧陸軍,0,0,1000,名詞,一般,*,*,*,*,旧陸軍,キューリクグン,キューリクグン,1/6,C0,キュー リクグン
山や川,0,0,1000,名詞,一般,*,*,*,*,山や川,ヤマヤカワ,ヤマヤカワ,2/5,C0,ヤマヤ カワ
山や川等,0,0,-1000,名詞,一般,*,*,*,*,山や川等,ヤマヤカワナド,ヤマヤカワナド,2/7,C0,ヤマヤ カワナド
相対する,0,0,1000,名詞,一般,*,*,*,*,相対する,アイタイスル,アイタイスル,0/6,C0
相たずさえて,0,0,1000,名詞,一般,*,*,*,*,相たずさえて,アイタズサエテ,アイタズサエテ,0/7,C0
相整う,0,0,1000,名詞,一般,*,*,*,*,相整う,アイトトノウ,アイトトノウ,0/6,C0
相憐れむ,0,0,1000,名詞,一般,*,*,*,*,相憐れむ,アイアワレム,アイアワレム,0/6,C0
木立の間,0,0,1000,名詞,一般,*,*,*,*,木立の間,コダチノアイダ,コダチノアイダ,0/7,C0,コダチノ アイダ
開いた口,0,0,1000,名詞,一般,*,*,*,*,開いた口,アイタクチ,アイタクチ,0/5,C0,アイタ クチ
相無く,0,0,1000,名詞,一般,*,*,*,*,相無く,アイナク,アイナク,0/4,C0
お生憎様,0,0,1000,名詞,一般,*,*,*,*,お生憎様,オアイニクサマ,オアイニクサマ,0/7,C0
開かずの間,0,0,1000,名詞,一般,*,*,*,*,開かずの間,アカズノマ,アカズノマ,0/5,C0,アカズノ マ
不開の間,0,0,1000,名詞,一般,*,*,*,*,不開の間,アカズノマ,アカズノマ,0/5,C0,アカズノ マ
山田県主,0,0,1000,名詞,一般,*,*,*,*,山田県主,ヤマダノアガタヌシ,ヤマダノアガタヌシ,0/9,C0,ヤマダノ アガタヌシ
暁闇,0,0,1000,名詞,一般,*,*,*,*,暁闇,アカツキヤミ,アカツキヤミ,0/6,C0
上がり降り,0,0,1000,名詞,一般,*,*,*,*,上がり降り,アガリオリ,アガリオリ,0/5,C0
四条上ル,0,0,1000,名詞,一般,*,*,*,*,四条上ル,シジョーアガル,シジョーアガル,1/7,C0,4ジョー アガル
秋津国,0,0,1000,名詞,一般,*,*,*,*,秋津国,アキツクニ,アキツクニ,0/5,C0
現つ神,0,0,1000,名詞,一般,*,*,*,*,現つ神,アキツカミ,アキツカミ,0/5,C0
阿Ｑ正伝,0,0,1000,名詞,一般,*,*,*,*,阿Ｑ正伝,アキューセイデン,アキューセイデン,1/7,C0,アQ セイデン
悪源太,0,0,1000,名詞,一般,*,*,*,*,悪源太,アクゲンタ,アクゲンタ,0/5,C0
明くる朝,0,0,1000,名詞,一般,*,*,*,*,明くる朝,アクルアサ,アクルアサ,0/5,C0,アクル アサ
明くる年,0,0,1000,名詞,一般,*,*,*,*,明くる年,アクルトシ,アクルトシ,0/5,C0,アクル トシ
明の星,0,0,1000,名詞,一般,*,*,*,*,明の星,アケノホシ,アケノホシ,0/5,C0,アケノ ホシ
麻布十番,0,0,1000,名詞,一般,*,*,*,*,麻布十番,アザブジューバン,アザブジューバン,0/8,C0,アザブ ジューバン
男漁り,0,0,1000,名詞,一般,*,*,*,*,男漁り,オトコアサリ,オトコアサリ,0/6,C0,オトコ アサリ
古本漁り,0,0,1000,名詞,一般,*,*,*,*,古本漁り,フルホンアサリ,フルホンアサリ,0/7,C0,フルホン アサリ
足の甲,0,0,1000,名詞,一般,*,*,*,*,足の甲,アシノコー,アシノコー,0/5,C0,アシノ コー
日の足,0,0,1000,名詞,一般,*,*,*,*,日の足,ヒノアシ,ヒノアシ,0/4,C0
醤油味,0,0,1000,名詞,一般,*,*,*,*,醤油味,ショーユアジ,ショーユアジ,3/5,C0,ショーユ アジ
唯唯諾諾,0,0,1000,名詞,一般,*,*,*,*,唯唯諾諾,イイダクダク,イイダクダク,1/6,C0,イイ ダクダク
難度,0,0,1000,名詞,一般,*,*,*,*,難度,ナンド,ナンド,1/3,C0,ナンド
言い甲斐,0,0,1000,名詞,一般,*,*,*,*,言い甲斐,イイガイ,イイガイ,0/4,C0,イイガイ
いい事尽くめ,0,0,1000,名詞,一般,*,*,*,*,いい事尽くめ,イイコトズクメ,イイコトズクメ,0/7,C0,イイコトズクメ
良いとこ取り,0,0,1000,名詞,一般,*,*,*,*,良いとこ取り,イイトコドリ,イイトコドリ,0/6,C0,イイトコドリ
いいとこ取り,0,0,1000,名詞,一般,*,*,*,*,いいとこ取り,イイトコドリ,イイトコドリ,0/6,C0,イイトコドリ
言う側,0,0,1000,名詞,一般,*,*,*,*,言う側,イウソバ,イウソバ,0/4,C0,イウ ソバ
３国同盟,0,0,1000,名詞,一般,*,*,*,*,３国同盟,サンゴクドーメイ,サンゴクドーメイ,0/8,C0,3ゴク ドーメイ
家屋敷,0,0,1000,名詞,一般,*,*,*,*,家屋敷,イエヤシキ,イエヤシキ,0/5,C0,イエヤシキ
イエローストーン川,0,0,1000,名詞,一般,*,*,*,*,イエローストーン川,イエローストーンガワ,イエローストーンガワ,0/10,C0,イエロー ストーンガワ
陰イオン,0,0,1000,名詞,一般,*,*,*,*,陰イオン,インイオン,インイオン,0/5,C0,インイオン
幾ら何でも,0,0,1000,名詞,一般,*,*,*,*,幾ら何でも,イクラナンデモ,イクラナンデモ,0/7,C0,イクラ ナンデモ
不忍池,0,0,1000,名詞,一般,*,*,*,*,不忍池,シノバズノイケ,シノバズノイケ,0/7,C0,シノバズノ イケ
行け行けどんどん,0,0,1000,名詞,一般,*,*,*,*,行け行けどんどん,イケイケドンドン,イケイケドンドン,0/8,C0,イケ イケ ドンドン
行け行けギャル,0,0,1000,名詞,一般,*,*,*,*,行け行けギャル,イケイケギャル,イケイケギャル,0/7,C0,イケイケ ギャル
伊豆七島,0,0,1000,名詞,一般,*,*,*,*,伊豆七島,イズシチトウ,イズシチトウ,0/6,C0,イズ 7トー
伊勢参,0,0,1000,名詞,一般,*,*,*,*,伊勢参,イセマイリ,イセマイリ,0/5,C0,イセ マイリ
至る処人で,0,0,1000,名詞,一般,*,*,*,*,至る処人で,イタルトコロヒトデ,イタルトコロヒトデ,0/9,C0,イタル トコロ ヒトデ
至れり尽くせり,0,0,1000,名詞,一般,*,*,*,*,至れり尽くせり,イタレリツクセリ,イタレリツクセリ,0/8,C0,イタレリ ツクセリ
門前市をなす,0,0,1000,名詞,一般,*,*,*,*,門前市をなす,モンゼンイチヲナス,モンゼンイチヲナス,0/9,C0,モンゼン イチヲ ナス
ほおずき市,0,0,1000,名詞,一般,*,*,*,*,ほおずき市,ホオズキイチ,ホオズキイチ,0/6,C0,ホオズキイチ
一握の砂,0,0,1000,名詞,一般,*,*,*,*,一握の砂,イチアクノスナ,イチアクノスナ,0/7,C0,イチアクノ スナ
正一位,0,0,1000,名詞,一般,*,*,*,*,正一位,ショーイチイ,ショーイチイ,0/6,C0,ショー1イ
従一位,0,0,1000,名詞,一般,*,*,*,*,従一位,ジュイチイ,ジュイチイ,0/5,C0,ジュ1イ
一一文句,0,0,1000,名詞,一般,*,*,*,*,一一文句,イチイチモンク,イチイチモンク,0/7,C0,イチイチ モンク
一か八か,0,0,1000,名詞,一般,*,*,*,*,一か八か,イチカバチカ,イチカバチカ,0/6,C0,イチカ バチカ
武田方,0,0,1000,名詞,一般,*,*,*,*,武田方,タケダガタ,タケダガタ,0/5,C0,タケダガタ
一期の不覚,0,0,1000,名詞,一般,*,*,*,*,一期の不覚,イチゴノフカク,イチゴノフカク,0/7,C0,イチゴノ フカク
一言一句,0,0,1000,名詞,一般,*,*,*,*,一言一句,イチゴンイック,イチゴンイック,0/7,C0,1ゴン 1ク
一言の下,0,0,1000,名詞,一般,*,*,*,*,一言の下,イチゴンノモト,イチゴンノモト,0/7,C0,1ゴンノ モト
一日三秋,0,0,1000,名詞,一般,*,*,*,*,一日三秋,イチジツサンシュー,イチジツサンシュー,0/9,C0,1ジツ 3シュー
一日の長,0,0,1000,名詞,一般,*,*,*,*,一日の長,イチジツノチョー,イチジツノチョー,0/8,C0,1ジツノ チョー
一日中,0,0,-1000,名詞,一般,*,*,*,*,一日中,イチニチジュー,イチニチジュー,0/7,C0,1ニチジュー
一日増し,0,0,-2000,名詞,一般,*,*,*,*,一日増し,イチニチマシ,イチニチマシ,0/6,C0,1ニチマシ
一割一分,0,0,1000,名詞,一般,*,*,*,*,一割一分,イチワリイチブ,イチワリイチブ,0/7,C0,1ワリ 1ブ
一番星,0,0,1000,名詞,一般,*,*,*,*,一番星,イチバンボシ,イチバンボシ,0/6,C0,1バンボシ
一木一草,0,0,1000,名詞,一般,*,*,*,*,一木一草,イチボクイッソー,イチボクイッソー,0/8,C0,1ボク 1ソー
一木造り,0,0,1000,名詞,一般,*,*,*,*,一木造り,イチボクヅクリ,イチボクヅクリ,0/7,C0,1ボクヅクリ
一念岩,0,0,-1000,名詞,一般,*,*,*,*,一念岩,イチネンイワ,イチネンイワ,0/6,C0,イチネン イワ
一谷嫩軍記,0,0,1000,名詞,一般,*,*,*,*,一谷嫩軍記,イチノタニフタバグンキ,イチノタニフタバグンキ,0/11,C0,イチノタニ フタバ グンキ
一分の隙,0,0,1000,名詞,一般,*,*,*,*,一分の隙,イチブノスキ,イチブノスキ,0/6,C0,イチブノ スキ
一分一厘狂い,0,0,1000,名詞,一般,*,*,*,*,一分一厘狂い,イチブイチリンクルイ,イチブイチリンクルイ,0/10,C0,1ブ 1リン クルイ
一文きなか,0,0,1000,名詞,一般,*,*,*,*,一文きなか,イチモンキナカ,イチモンキナカ,0/7,C0,1モン キナカ
一門一党,0,0,1000,名詞,一般,*,*,*,*,一門一党,イチモンイットー,イチモンイットー,0/8,C0,1モン 1トー
一六勝負,0,0,1000,名詞,一般,*,*,*,*,一六勝負,イチロクショーブ,イチロクショーブ,0/8,C0,1⠼6 ショーブ
一目も二目,0,0,1000,名詞,一般,*,*,*,*,一目も二目,イチモクモニモク,イチモクモニモク,0/8,C0,1モクモ 2モク
役者が一枚上,0,0,1000,名詞,一般,*,*,*,*,役者が一枚上,ヤクシャガイチマイウエ,ヤクシャガイチマイウエ,0/11,C0,ヤクシャガ イチマイ ウエ
相通じる,0,0,1000,名詞,一般,*,*,*,*,相通じる,アイツージル,アイツージル,0/6,C0,アイツージル
お琴,0,0,1000,名詞,一般,*,*,*,*,お琴,オコト,オコト,0/3,C0,オコト
一文無し,0,0,1000,名詞,一般,*,*,*,*,一文無し,イチモンナシ,イチモンナシ,0/6,C0,イチモンナシ
横一文字,0,0,1000,名詞,一般,*,*,*,*,横一文字,ヨコイチモンジ,ヨコイチモンジ,0/7,C0,ヨコ イチモンジ
一文字せせり,0,0,1000,名詞,一般,*,*,*,*,一文字せせり,イチモンジセセリ,イチモンジセセリ,0/8,C0,イチモンジ セセリ
一六タルト,0,0,1000,名詞,一般,*,*,*,*,一六タルト,イチロクタルト,イチロクタルト,0/7,C0,イチロク タルト
いつ何時,0,0,1000,名詞,一般,*,*,*,*,いつ何時,イツナンドキ,イツナンドキ,0/6,C0,イツ ナンドキ
御一行様,0,0,1000,名詞,一般,*,*,*,*,御一行様,ゴイッコーサマ,ゴイッコーサマ,0/7,C0,ゴイッコーサマ
一昨三日,0,0,1000,名詞,一般,*,*,*,*,一昨三日,イッサクミッカ,イッサクミッカ,0/7,C0,イッサク ミッカ
一生涯,0,0,1000,名詞,一般,*,*,*,*,一生涯,イッショーガイ,イッショーガイ,0/7,C0,イッショーガイ
一寸の虫にも五分,0,0,1000,名詞,一般,*,*,*,*,一寸の虫にも五分,イッスンノムシニモゴブ,イッスンノムシニモゴブ,0/11,C0,1スンノ ムシニモ 5ブ
親子は一世,0,0,1000,名詞,一般,*,*,*,*,親子は一世,オヤコワイッセ,オヤコワイッセ,0/7,C0,オヤコワ 1セ
チャールズ一世,0,0,1000,名詞,一般,*,*,*,*,チャールズ一世,チャールズイッセイ,チャールズイッセイ,0/9,C0,チャールズ 1セイ
一刹那,0,0,1000,名詞,一般,*,*,*,*,一刹那,イッセツナ,イッセツナ,0/5,C0,イッセツナ
一隊,0,0,1000,名詞,一般,*,*,*,*,一隊,イッタイ,イッタイ,0/4,C0,イッタイ
言って退ける,0,0,1000,名詞,一般,*,*,*,*,言って退ける,イッテノケル,イッテノケル,0/6,C0,イッテ ノケル
罪一等,0,0,1000,名詞,一般,*,*,*,*,罪一等,ツミイットー,ツミイットー,0/6,C0,ツミ 1トー
一党一派,0,0,1000,名詞,一般,*,*,*,*,一党一派,イットーイッパ,イットーイッパ,0/7,C0,1トー 1パ
何時何時,0,0,1000,名詞,一般,*,*,*,*,何時何時,イツナンドキ,イツナンドキ,0/6,C0,イツ ナンドキ
勝敗は一に時,0,0,1000,名詞,一般,*,*,*,*,勝敗は一に時,ショーハイワイツニトキ,ショーハイワイツニトキ,0/11,C0,ショーハイワ イツニ トキ
何時になく,0,0,1000,名詞,一般,*,*,*,*,何時になく,イツニナク,イツニナク,0/5,C0,イツニ ナク
一波動けば万波,0,0,1000,名詞,一般,*,*,*,*,一波動けば万波,イッパウゴケババンパ,イッパウゴケババンパ,0/10,C0,1パ ウゴケバ バンパ
一敗,0,0,-1000,名詞,一般,*,*,*,*,一敗,イッパイ,イッパイ,0/4,C0,1パイ
一筆画,0,0,1000,名詞,一般,*,*,*,*,一筆画,イッピツガ,イッピツガ,0/5,C0,1ピツガ
一本背負い,0,0,1000,名詞,一般,*,*,*,*,一本背負い,イッポンゼオイ,イッポンゼオイ,0/7,C0,1ポンゼオイ
一本道,0,0,1000,名詞,一般,*,*,*,*,一本道,イッポンミチ,イッポンミチ,0/6,C0,1ポンミチ
異な事,0,0,1000,名詞,一般,*,*,*,*,異な事,イナコト,イナコト,0/4,C0,イナ コト
異なもの,0,0,1000,名詞,一般,*,*,*,*,異なもの,イナモノ,イナモノ,0/4,C0,イナ モノ
大犬の陰嚢,0,0,1000,名詞,一般,*,*,*,*,大犬の陰嚢,オオイヌノフグリ,オオイヌノフグリ,0/8,C0,オオ イヌノ フグリ
乱暴者,0,0,1000,名詞,一般,*,*,*,*,乱暴者,ランボーモノ,ランボーモノ,0/6,C0,ランボーモノ
姑いびり,0,0,1000,名詞,一般,*,*,*,*,姑いびり,シュートメイビリ,シュートメイビリ,0/8,C0,シュートメ イビリ
居待ち月,0,0,1000,名詞,一般,*,*,*,*,居待ち月,イマチヅキ,イマチヅキ,0/5,C0,イマチヅキ
今際の際,0,0,1000,名詞,一般,*,*,*,*,今際の際,イマワノキワ,イマワノキワ,0/6,C0,イマワノ キワ
妹背山婦女庭訓,0,0,1000,名詞,一般,*,*,*,*,妹背山婦女庭訓,イモセヤマオンナテイキン,イモセヤマオンナテイキン,0/12,C0,イモセヤマ オンナ テイキン
蘇我越智娘,0,0,1000,名詞,一般,*,*,*,*,蘇我越智娘,ソガノオチノイラツメ,ソガノオチノイラツメ,0/10,C0,ソガノ オチノ イラツメ
坂上大嬢,0,0,1000,名詞,一般,*,*,*,*,坂上大嬢,サカノウエノオオイラツメ,サカノウエノオオイラツメ,0/12,C0,サカノウエノ オオイラツメ
彼岸の入り,0,0,1000,名詞,一般,*,*,*,*,彼岸の入り,ヒガンノイリ,ヒガンノイリ,0/6,C0,ヒガンノ イリ
入り小作,0,0,1000,名詞,一般,*,*,*,*,入り小作,イリコサク,イリコサク,0/5,C0,イリコサク
東入,0,0,1000,名詞,一般,*,*,*,*,東入,ヒガシイル,ヒガシイル,0/5,C0,ヒガシ イル
祝伸ばし,0,0,1000,名詞,一般,*,*,*,*,祝伸ばし,イワイノバシ,イワイノバシ,0/6,C0,イワイ ノバシ
卒業祝,0,0,1000,名詞,一般,*,*,*,*,卒業祝,ソツギョーイワイ,ソツギョーイワイ,0/8,C0,ソツギョー イワイ
木屋町,0,0,1000,名詞,一般,*,*,*,*,木屋町,キヤマチ,キヤマチ,0/4,C0,キヤマチ
源朝臣頼政,0,0,1000,名詞,一般,*,*,*,*,源朝臣頼政,ミナモトノアソンヨリマサ,ミナモトノアソンヨリマサ,6/12,C0,ミナモトノ アソン ヨリマサ
東漢直駒,0,0,1000,名詞,一般,*,*,*,*,東漢直駒,ヤマトノアヤノアタイノコマ,ヤマトノアヤノアタイノコマ,0/13,C0,ヤマトノ アヤノ アタイノ コマ
兄貴風,0,0,1000,名詞,一般,*,*,*,*,兄貴風,アニキカゼ,アニキカゼ,3/5,C0,アニキカゼ
触読,0,0,1000,名詞,一般,*,*,*,*,触読,ショクドク,ショクドク,0/4,C0,ショクドク
触手話,0,0,1000,名詞,一般,*,*,*,*,触手話,ショクシュワ,ショクシュワ,3/4,C0,ショクシュワ
触読式時計,0,0,1000,名詞,一般,*,*,*,*,触読式時計,ショクドクシキトケイ,ショクドクシキトケイ,0/9,C0,ショクドクシキ トケイ
盲ろう,0,0,1000,名詞,一般,*,*,*,*,盲ろう,モーロー,モーロー,0/4,C0,モーロー
泉質,0,0,1000,名詞,一般,*,*,*,*,泉質,センシツ,センシツ,0/4,C0,センシツ
硫酸塩,0,0,1000,名詞,一般,*,*,*,*,硫酸塩,リューサンエン,リューサンエン,0/7,C0,リューサンエン
硫酸塩泉,0,0,1000,名詞,一般,*,*,*,*,硫酸塩泉,リューサンエンセン,リューサンエンセン,0/9,C0,リューサンエンセン
塩化物泉,0,0,1000,名詞,一般,*,*,*,*,塩化物泉,エンカブッセン,エンカブッセン,0/7,C0,エンカブッセン
泉温,0,0,1000,名詞,一般,*,*,*,*,泉温,センオン,センオン,0/4,C0,センオン
冷鉱泉,0,0,1000,名詞,一般,*,*,*,*,冷鉱泉,レイコーセン,レイコーセン,0/6,C0,レイコーセン
微温泉,0,0,1000,名詞,一般,*,*,*,*,微温泉,ビオンセン,ビオンセン,0/5,C0,ビオンセン
療養泉,0,0,1000,名詞,一般,*,*,*,*,療養泉,リョーヨーセン,リョーヨーセン,0/7,C0,リョーヨーセン
低張性,0,0,1000,名詞,一般,*,*,*,*,低張性,テイチョーセイ,テイチョーセイ,0/7,C0,テイチョーセイ
等張性,0,0,1000,名詞,一般,*,*,*,*,等張性,トーチョーセイ,トーチョーセイ,0/7,C0,トーチョーセイ
高張性,0,0,1000,名詞,一般,*,*,*,*,高張性,コーチョーセイ,コーチョーセイ,0/7,C0,コーチョーセイ
酸性泉,0,0,1000,名詞,一般,*,*,*,*,酸性泉,サンセイセン,サンセイセン,0/6,C0,サンセイセン
放射能泉,0,0,1000,名詞,一般,*,*,*,*,放射能泉,ホーシャノーセン,ホーシャノーセン,0/8,C0,ホーシャノーセン
次章,0,0,1000,名詞,一般,*,*,*,*,次章,ジショー,ジショー,0/4,C0,ジショー
更衣室,0,0,1000,名詞,一般,*,*,*,*,更衣室,コーイシツ,コーイシツ,0/5,C0,コーイシツ
盗撮,0,0,1000,名詞,一般,*,*,*,*,盗撮,トーサツ,トーサツ,0/4,C0,トーサツ
所により,0,0,1000,名詞,一般,*,*,*,*,所により,トコロニヨリ,トコロニヨリ,0/6,C0,トコロニ ヨリ
編集人,0,0,1000,名詞,一般,*,*,*,*,編集人,ヘンシューニン,ヘンシューニン,0/7,C0,ヘンシューニン
発行人,0,0,1000,名詞,一般,*,*,*,*,発行人,ハッコーニン,ハッコーニン,0/6,C0,ハッコーニン
受取人,0,0,1000,名詞,一般,*,*,*,*,受取人,ウケトリニン,ウケトリニン,0/6,C0,ウケトリニン
配達人,0,0,1000,名詞,一般,*,*,*,*,配達人,ハイタツニン,ハイタツニン,0/6,C0,ハイタツニン
管理人,0,0,1000,名詞,一般,*,*,*,*,管理人,カンリニン,カンリニン,0/5,C0,カンリニン
下請人,0,0,1000,名詞,一般,*,*,*,*,下請人,シタウケニン,シタウケニン,0/6,C0,シタウケニン
名ｓｐｅｅｃｈ集,0,0,1000,名詞,一般,*,*,*,*,名ｓｐｅｅｃｈ集,メイスピーチシュー,メイスピーチシュー,4/8,C0,メイspeechシュー
一人当り,0,0,1000,名詞,一般,*,*,*,*,一人当り,ヒトリアタリ,ヒトリアタリ,4/6,C0,ヒトリアタリ
天照大神,0,0,1000,名詞,一般,*,*,*,*,天照大神,アマテラスオオミカミ,アマテラスオオミカミ,0/10,C0,アマテラス オオミカミ
天の岩戸,0,0,1000,名詞,一般,*,*,*,*,天の岩戸,アマノイワト,アマノイワト,0/6,C0,アマノ イワト
天香具山,0,0,1000,名詞,一般,*,*,*,*,天香具山,アマノカグヤマ,アマノカグヤマ,0/7,C0,アマノ カグヤマ
天の羽衣,0,0,1000,名詞,一般,*,*,*,*,天の羽衣,アマノハゴロモ,アマノハゴロモ,0/7,C0,アマノ ハゴロモ
天の原,0,0,1000,名詞,一般,*,*,*,*,天の原,アマノハラ,アマノハラ,0/5,C0,アマノハラ
天鈿女命,0,0,1000,名詞,一般,*,*,*,*,天鈿女命,アメノウズメノミコト,アメノウズメノミコト,0/10,C0,アメノ ウズメノ ミコト
水争,0,0,1000,名詞,一般,*,*,*,*,水争,ミズアラソイ,ミズアラソイ,0/6,C0,ミズアラソイ
蟻の塔草,0,0,1000,名詞,一般,*,*,*,*,蟻の塔草,アリノトーグサ,アリノトーグサ,0/7,C0,アリノトーグサ
有りの儘,0,0,1000,名詞,一般,*,*,*,*,有りの儘,アリノママ,アリノママ,0/5,C0,アリノママ
有りの実,0,0,1000,名詞,一般,*,*,*,*,有りの実,アリノミ,アリノミ,0/4,C0,アリノミ
栄えある,0,0,1000,名詞,一般,*,*,*,*,栄えある,ハエアル,ハエアル,0/4,C0,ハエ アル
或る,0,0,1000,名詞,一般,*,*,*,*,或る,アル,アル,0/2,C0,アル
或る程度,0,0,1000,名詞,一般,*,*,*,*,或る程度,アルテイド,アルテイド,0/5,C0,アル テイド
有るが儘,0,0,1000,名詞,一般,*,*,*,*,有るが儘,アルガママ,アルガママ,0/5,C0,アルガ ママ
アルカリ泉,0,0,1000,名詞,一般,*,*,*,*,アルカリ泉,アルカリセン,アルカリセン,0/6,C0,アルカリセン
合わせ鏡,0,0,1000,名詞,一般,*,*,*,*,合わせ鏡,アワセカガミ,アワセカガミ,0/6,C0,アワセ カガミ
鬘合わせ,0,0,1000,名詞,一般,*,*,*,*,鬘合わせ,カツラアワセ,カツラアワセ,0/6,C0,カツラ アワセ
暗順応,0,0,1000,名詞,一般,*,*,*,*,暗順応,アンジュンノー,アンジュンノー,0/7,C0,アンジュンノー
大慌て,0,0,1000,名詞,一般,*,*,*,*,大慌て,オオアワテ,オオアワテ,3/5,C0,オオアワテ
大旦那,0,0,1000,名詞,一般,*,*,*,*,大旦那,オオダンナ,オオダンナ,3/5,C0,オオダンナ
大人数,0,0,1000,名詞,一般,*,*,*,*,大人数,オオニンズー,オオニンズー,3/6,C0,オオニンズー
付点,0,0,1000,名詞,一般,*,*,*,*,付点,フテン,フテン,0/3,C0
有り難う,0,0,1000,感動詞,*,*,*,*,*,有り難う,アリガトー,アリガトー,2/5,C0,アリガトー
あいうえお,0,0,1000,感動詞,*,*,*,*,*,あいうえお,アイウエオ,アイウエオ,0/5,C0,アイウエオ
かきくけこ,0,0,1000,感動詞,*,*,*,*,*,かきくけこ,カキクケコ,カキクケコ,0/5,C0,カキクケコ
テンカイ,0,0,1000,名詞,一般,*,*,*,*,テンカイ,テンカイ,テンカイ,0/4,C0,テンカイ
足手纏い,0,0,1000,名詞,形容動詞語幹,*,*,*,*,足手纏い,アシデマトイ,アシデマトイ,4/6,C0,アシデ マトイ
新家,0,0,1000,名詞,固有名詞,人名,姓,*,*,新家,シンケ,シンケ,1/3,C0
京丹後,0,0,1000,名詞,固有名詞,地域,一般,*,*,京丹後,キョータンゴ,キョータンゴ,3/5,C0
インストーラー,0,0,1000,名詞,一般,*,*,*,*,インストーラー,インストーラー,インストーラー,4/7,C0
トーキング,0,0,1000,名詞,一般,*,*,*,*,トーキング,トーキング,トーキング,1/5,C0
（日）,0,0,-1000,名詞,一般,*,*,*,*,（日）,（ニチ）,（ニチ）,1/2,C0,（ニチ）
（月）,0,0,-1000,名詞,一般,*,*,*,*,（月）,（ゲツ）,（ゲツ）,1/2,C0,（ゲツ）
（火）,0,0,-1000,名詞,一般,*,*,*,*,（火）,（カ）,（カ）,1/1,C0,（カ）
（水）,0,0,-1000,名詞,一般,*,*,*,*,（水）,（スイ）,（スイ）,1/2,C0,（スイ）
（木）,0,0,-1000,名詞,一般,*,*,*,*,（木）,（モク）,（モク）,1/2,C0,（モク）
おおくり,0,0,1000,名詞,一般,*,*,*,*,おおくり,オオクリ,オオクリ,2/4,C0,オオクリ
みぞう,0,0,1000,名詞,一般,*,*,*,*,みぞう,ミゾウ,ミゾウ,0/3,C0,ミゾウ
うるうどし,0,0,1000,名詞,一般,*,*,*,*,うるうどし,ウルウドシ,ウルウドシ,2/5,C0,ウルウドシ
ト゚,0,0,1000,名詞,一般,*,*,*,*,ト゚,ト,ト,0/1,C0
ト　゚,0,0,1000,名詞,一般,*,*,*,*,ト　゚,ト,ト,0/1,C0
呉々,0,0,1000,名詞,一般,*,*,*,*,呉々,クレグレ,クレグレ,3/4,C0,クレグレ
小々々支川,0,0,1000,名詞,一般,*,*,*,*,小々々支川,ショーショーショーシセン,ショーショーショーシセン,0/12,C0,ショーショーショーシセン
結婚式々場,0,0,1000,名詞,一般,*,*,*,*,結婚式々場,ケッコンシキシキジョー,ケッコンシキシキジョー,0/11,C0,ケッコンシキ シキジョー
スヽメ,0,0,1000,名詞,一般,*,*,*,*,スヽメ,ススメ,ススメ,0/3,C0,ススメ
仝,0,0,5000,名詞,一般,*,*,*,*,仝,ドージョー,ドージョー,0/5,C0,ドージョー
〃,0,0,5000,名詞,一般,*,*,*,*,〃,オナジク,オナジク,0/4,C0,オナジク
各〻,0,0,1000,名詞,一般,*,*,*,*,各〻,オノオノ,オノオノ,0/4,C0,オノオノ
屡〻,0,0,1000,名詞,一般,*,*,*,*,屡〻,シバシバ,シバシバ,0/4,C0,シバシバ
〱,0,0,1000,名詞,一般,*,*,*,*,〱,クノジテン,クノジテン,0/5,C0,クノジテン
〲,0,0,1000,名詞,一般,*,*,*,*,〲,クノジテンダクテン,クノジテンダクテン,0/9,C0,クノジテン ダクテン
〳,0,0,1000,名詞,一般,*,*,*,*,〳,クノジテンウエ,クノジテンウエ,0/7,C0,クノジテン ウエ
〴,0,0,1000,名詞,一般,*,*,*,*,〴,クノジテンウエダクテン,クノジテンウエダクテン,0/11,C0,クノジテン ウエ ダクテン
〵,0,0,1000,名詞,一般,*,*,*,*,〵,クノジテンシタ,クノジテンシタ,0/7,C0,クノジテン シタ
⢎⣿⡱,0,0,1000,名詞,一般,*,*,*,*,⢎⣿⡱,トグルボタンオサレテイル,トグルボタンオサレテイル,0/12,C0,⢎⣿⡱
⢎⣀⡱,0,0,1000,名詞,一般,*,*,*,*,⢎⣀⡱,トグルボタンオサレテイナイ,トグルボタンオサレテイナイ,0/13,C0,⢎⣀⡱
⣏⣿⣹,0,0,1000,名詞,一般,*,*,*,*,⣏⣿⣹,チェックボックスチェック,チェックボックスチェック,0/12,C0,⣏⣿⣹
⣏⣸⣹,0,0,1000,名詞,一般,*,*,*,*,⣏⣸⣹,チェックボックスイチブチェック,チェックボックスイチブチェック,0/15,C0,⣏⣸⣹
⣏⣀⣹,0,0,1000,名詞,一般,*,*,*,*,⣏⣀⣹,チェックボックスチェックナシ,チェックボックスチェックナシ,0/14,C0,⣏⣀⣹
乗,0,0,1000,名詞,一般,*,*,*,*,乗,ジョー,ジョー,1/2,C0
揃え,0,0,1000,名詞,一般,*,*,*,*,揃え,ソロエ,ソロエ,0/3,C0
初期値,0,0,1000,名詞,一般,*,*,*,*,初期値,ショキチ,ショキチ,2/3,C0
静画,0,0,1000,名詞,固有名詞,一般,*,*,*,静画,セイガ,セイガ,1/3,C0
下準備,0,0,1000,名詞,サ変接続,*,*,*,*,下準備,シタジュンビ,シタジュンビ,3/5,C0
殺,0,0,1000,名詞,サ変接続,*,*,*,*,殺,サツ,サツ,1/2,C0
重殺,0,0,1000,名詞,サ変接続,*,*,*,*,重殺,ジューサツ,ジューサツ,0/4,C0
挟殺,0,0,1000,名詞,サ変接続,*,*,*,*,挟殺,キョーサツ,キョーサツ,0/4,C0
捕殺,0,0,1000,名詞,サ変接続,*,*,*,*,捕殺,ホサツ,ホサツ,0/3,C0
天中殺,0,0,1000,名詞,サ変接続,*,*,*,*,天中殺,テンチューサツ,テンチューサツ,3/6,C0
殺人鬼,0,0,1000,名詞,サ変接続,*,*,*,*,殺人鬼,サツジンキ,サツジンキ,3/5,C0,サツジン キ
長押し,0,0,1000,名詞,サ変接続,*,*,*,*,長押し,ナガオシ,ナガオシ,0/4,C0
４分音符,0,0,1000,名詞,一般,*,*,*,*,４分音符,シブオンプ,シブオンプ,3/5,C0,4ブ オンプ
仏足石歌,0,0,1000,名詞,一般,*,*,*,*,仏足石歌,ブッソクセキカ,ブッソクセキカ,5/7,C0,ブッソクセキカ
諸子百家,0,0,1000,名詞,一般,*,*,*,*,諸子百家,ショシヒャッカ,ショシヒャッカ,3/5,C0,ショシ ヒャッカ
梅が香,0,0,1000,名詞,一般,*,*,*,*,梅が香,ウメガカ,ウメガカ,0/4,C0,ウメガカ
年回忌,0,0,1000,名詞,一般,*,*,*,*,年回忌,ネンカイキ,ネンカイキ,3/5,C0,ネンカイキ
開店祝,0,0,1000,名詞,一般,*,*,*,*,開店祝,カイテンイワイ,カイテンイワイ,5/7,C0,カイテン イワイ
大親分,0,0,1000,名詞,一般,*,*,*,*,大親分,オオオヤブン,オオオヤブン,3/6,C0,オオオヤブン
唐楓,0,0,1000,名詞,一般,*,*,*,*,唐楓,トーカエデ,トーカエデ,3/5,C0,トーカエデ
返り入幕,0,0,1000,名詞,一般,*,*,*,*,返り入幕,カエリニューマク,カエリニューマク,4/7,C0,カエリ ニューマク
返り新参,0,0,1000,名詞,一般,*,*,*,*,返り新参,カエリシンザン,カエリシンザン,4/7,C0,カエリ シンザン
顔形,0,0,1000,名詞,一般,*,*,*,*,顔形,カオカタチ,カオカタチ,0/5,C0,カオカタチ
大顔合わせ,0,0,1000,名詞,一般,*,*,*,*,大顔合わせ,オオカオアワセ,オオカオアワセ,0/7,C0,オオカオアワセ
呵呵大笑,0,0,1000,名詞,一般,*,*,*,*,呵呵大笑,カカタイショー,カカタイショー,1/6,C0,カカ タイショー
加賀鳶,0,0,1000,名詞,一般,*,*,*,*,加賀鳶,カガトビ,カガトビ,0/4,C0,カガトビ
桃栗,0,0,1000,名詞,一般,*,*,*,*,桃栗,モモクリ,モモクリ,0/4,C0,モモ クリ
数限り無い,0,0,1000,名詞,一般,*,*,*,*,数限り無い,カズカギリナイ,カズカギリナイ,1/7,C0,カズ カギリ ナイ
各区,0,0,1000,名詞,一般,*,*,*,*,各区,カクク,カクク,1/3,C0,カク ク
終楽章,0,0,1000,名詞,一般,*,*,*,*,終楽章,シューガクショー,シューガクショー,3/6,C0,シューガクショー
楽派,0,0,1000,名詞,一般,*,*,*,*,楽派,ガクハ,ガクハ,1/3,C0,ガクハ
馬鹿さ,0,0,1000,名詞,一般,*,*,*,*,馬鹿さ,バカサ,バカサ,0/3,C0,バカサ
金の減り,0,0,1000,名詞,一般,*,*,*,*,金の減り,カネノヘリ,カネノヘリ,0/5,C0,カネノ ヘリ
駕籠,0,0,1000,名詞,一般,*,*,*,*,駕籠,カゴ,カゴ,0/2,C0,カゴ
鵾駕籠,0,0,1000,名詞,一般,*,*,*,*,鵾駕籠,トーマルカゴ,トーマルカゴ,0/6,C0,トーマルカゴ
飾り職人,0,0,1000,名詞,一般,*,*,*,*,飾り職人,カザリショクニン,カザリショクニン,4/7,C0,カザリ ショクニン
蓬萊,0,0,1000,名詞,一般,*,*,*,*,蓬萊,ホーライ,ホーライ,0/4,C0,ホーライ
出て行けがし,0,0,1000,名詞,一般,*,*,*,*,出て行けがし,デテイケガシ,デテイケガシ,0/6,C0,デテイケガシ
加持祈祷,0,0,1000,名詞,一般,*,*,*,*,加持祈祷,カジキトー,カジキトー,1/4,C0,カジ キトー
太郎冠者,0,0,1000,名詞,一般,*,*,*,*,太郎冠者,タローカジャ,タローカジャ,4/5,C0,タロー カジャ
古今和歌集,0,0,1000,名詞,一般,*,*,*,*,古今和歌集,コキンワカシュー,コキンワカシュー,0/7,C0,コキン ワカシュー
数限りない,0,0,1000,名詞,一般,*,*,*,*,数限りない,カズカギリナイ,カズカギリナイ,1/7,C0,カズ カギリ ナイ
過ぎ来し方,0,0,1000,名詞,一般,*,*,*,*,過ぎ来し方,スギコシカタ,スギコシカタ,1/6,C0,スギコシ カタ
時の運,0,0,1000,名詞,一般,*,*,*,*,時の運,トキノウン,トキノウン,4/5,C0,トキノ ウン
我が儘,0,0,1000,名詞,一般,*,*,*,*,我が儘,ワガママ,ワガママ,0/4,C0,ワガママ
上一段,0,0,1000,名詞,一般,*,*,*,*,上一段,カミイチダン,カミイチダン,0/6,C0,カミ1ダン
糅てて,0,0,1000,名詞,一般,*,*,*,*,糅てて,カテテ,カテテ,1/3,C0,カテテ
漢方薬局,0,0,1000,名詞,一般,*,*,*,*,漢方薬局,カンポーヤッキョク,カンポーヤッキョク,5/8,C0,カンポー ヤッキョク
ちゅうちゅう,0,0,1000,名詞,一般,*,*,*,*,ちゅうちゅう,チューチュー,チューチュー,1/4,C0,チューチュー
ぐうぐう,0,0,1000,名詞,一般,*,*,*,*,ぐうぐう,グーグー,グーグー,1/4,C0,グーグー
めえめえ,0,0,1000,名詞,一般,*,*,*,*,めえめえ,メエメエ,メエメエ,1/4,C0,メエメエ
ごおごお,0,0,1000,名詞,一般,*,*,*,*,ごおごお,ゴオゴオ,ゴオゴオ,1/4,C0,ゴオゴオ
富栄養化,0,0,1000,名詞,一般,*,*,*,*,富栄養化,フエイヨーカ,フエイヨーカ,1/6,C0,フ エイヨーカ
満遍無く,0,0,-1000,副詞,一般,*,*,*,*,満遍無く,マンベンナク,マンベンナク,0/6,C0,マンベンナク
丸１日,0,0,1000,名詞,一般,*,*,*,*,丸１日,マルイチニチ,マルイチニチ,0/6,C0,マル 1ニチ
こっきり,0,0,1000,名詞,一般,*,*,*,*,こっきり,コッキリ,コッキリ,1/4,C0,コッキリ
手当たり次第,0,0,1000,名詞,一般,*,*,*,*,手当たり次第,テアタリシダイ,テアタリシダイ,5/7,C0,テアタリ シダイ
ドライブウエイ,0,0,1000,名詞,一般,*,*,*,*,ドライブウエイ,ドライブウエイ,ドライブウエイ,5/7,C0,ドライブ ウエイ
ロープウエイ,0,0,1000,名詞,一般,*,*,*,*,ロープウエイ,ロープウエイ,ロープウエイ,4/6,C0,ロープ ウエイ
塩基性塩,0,0,1000,名詞,一般,*,*,*,*,塩基性塩,エンキセイエン,エンキセイエン,4/7,C0,エンキセイエン
アルミニウム塩,0,0,1000,名詞,一般,*,*,*,*,アルミニウム塩,アルミニウムエン,アルミニウムエン,0/8,C0,アルミニウムエン
得たり賢し,0,0,1000,名詞,一般,*,*,*,*,得たり賢し,エタリカシコシ,エタリカシコシ,2/7,C0,エタリ カシコシ
Ｈ形,0,0,1000,名詞,一般,*,*,*,*,Ｈ形,エイチガタ,エイチガタ,0/5,C0,Hガタ
遠赤外線,0,0,1000,名詞,一般,*,*,*,*,遠赤外線,エンセキガイセン,エンセキガイセン,1/8,C0,エンセキガイセン
薄ら,0,0,1000,名詞,一般,*,*,*,*,薄ら,ウスラ,ウスラ,0/3,C0,ウスラ
カリ塩,0,0,1000,名詞,一般,*,*,*,*,カリ塩,カリエン,カリエン,2/4,C0,カリエン
クレオソート丸,0,0,1000,名詞,一般,*,*,*,*,クレオソート丸,クレオソートガン,クレオソートガン,0/8,C0,クレオソートガン
キーパーソン,0,0,1000,名詞,一般,*,*,*,*,キーパーソン,キーパーソン,キーパーソン,3/6,C0,キー パーソン
ギフトカード,0,0,1000,名詞,一般,*,*,*,*,ギフトカード,ギフトカード,ギフトカード,4/6,C0,ギフト カード
ロールキャベツ,0,0,1000,名詞,一般,*,*,*,*,ロールキャベツ,ロールキャベツ,ロールキャベツ,4/6,C0,ロール キャベツ
筋紡錘,0,0,1000,名詞,一般,*,*,*,*,筋紡錘,キンボースイ,キンボースイ,3/6,C0,キンボースイ
スターキング,0,0,1000,名詞,一般,*,*,*,*,スターキング,スターキング,スターキング,4/6,C0,スター キング
坂田金時,0,0,1000,名詞,固有名詞,人名,一般,*,*,坂田金時,サカタノキントキ,サカタノキントキ,1/8,C0,サカタノ キントキ
一遍,0,0,-1000,名詞,一般,*,*,*,*,一遍,イッペン,イッペン,3/4,C0,イッペン
ギアボックス,0,0,1000,名詞,一般,*,*,*,*,ギアボックス,ギアボックス,ギアボックス,3/6,C0,ギア ボックス
セカンドギア,0,0,1000,名詞,一般,*,*,*,*,セカンドギア,セカンドギア,セカンドギア,5/6,C0,セカンド ギア
万葉,0,0,1000,名詞,一般,*,*,*,*,万葉,マンヨー,マンヨー,0/4,C0,マンヨー
英検,0,0,1000,名詞,一般,*,*,*,*,英検,エイケン,エイケン,0/4,C0,エイケン
気いつけなはれ,0,0,1000,名詞,一般,*,*,*,*,気いつけなはれ,キイツケナハレ,キイツケナハレ,6/7,C0,キイ ツケナハレ
木の芽和え,0,0,1000,名詞,一般,*,*,*,*,木の芽和え,キノメアエ,キノメアエ,0/5,C0,キノメアエ
木の芽立ち,0,0,1000,名詞,一般,*,*,*,*,木の芽立ち,キノメダチ,キノメダチ,0/5,C0,キノメダチ
気を付け,0,0,1000,名詞,一般,*,*,*,*,気を付け,キヲツケ,キヲツケ,2/4,C0,キヲツケ
お気を付け下さい,0,0,1000,名詞,一般,*,*,*,*,お気を付け下さい,オキヲツケクダサイ,オキヲツケクダサイ,8/9,C0,オキヲツケ クダサイ
ほらっ,0,0,1000,感動詞,*,*,*,*,*,ほらっ,ホラッ,ホラッ,1/3,C0,ホラッ
京急,0,0,1000,名詞,固有名詞,組織,*,*,*,京急,ケイキュー,ケイキュー,1/4,C0
従量制,0,0,1000,名詞,一般,*,*,*,*,従量制,ジューリョーセイ,ジューリョーセイ,0/6,C0
注文書,0,0,1000,名詞,一般,*,*,*,*,注文書,チューモンショ,チューモンショ,0/5,C0
銀四郎,0,0,1000,名詞,固有名詞,人名,名,*,*,銀四郎,ギンシロー,ギンシロー,0/5,C0,ギンシロー
談四楼,0,0,1000,名詞,固有名詞,人名,名,*,*,談四楼,ダンシロー,ダンシロー,0/5,C0,ダンシロー
立川談四楼,0,0,1000,名詞,固有名詞,人名,一般,*,*,立川談四楼,タテカワダンシロー,タテカワダンシロー,2/9,C0,タテカワ ダンシロー
晋三,0,0,1000,名詞,固有名詞,人名,名,*,*,晋三,シンゾー,シンゾー,0/4,C0,シンゾー
退所,0,0,1000,名詞,サ変接続,*,*,*,*,退所,タイショ,タイショ,0/4,C0,タイショ
笑点,0,0,1000,名詞,一般,*,*,*,*,笑点,ショーテン,ショーテン,1/4,C0,ショーテン
笑福亭,0,0,1000,名詞,固有名詞,人名,姓,*,*,笑福亭,ショーフクテイ,ショーフクテイ,0/6,C0,ショーフクテイ
鶴瓶,0,0,1000,名詞,固有名詞,人名,名,*,*,鶴瓶,ツルベ,ツルベ,1/3,C0,ツルベ
安住,0,0,1000,名詞,固有名詞,人名,姓,*,*,安住,アズミ,アズミ,1/3,C0,アズミ
紳一郎,0,0,1000,名詞,固有名詞,人名,名,*,*,紳一郎,シンイチロー,シンイチロー,3/6,C0,シンイチロー
竜太,0,0,1000,名詞,固有名詞,人名,名,*,*,竜太,リュータ,リュータ,1/3,C0,リュータ
倖田,0,0,1000,名詞,固有名詞,人名,姓,*,*,倖田,コウダ,コウダ,0/3,C0,コウダ
來未,0,0,1000,名詞,固有名詞,人名,名,*,*,來未,クミ,クミ,1/2,C0,クミ
美嘉,0,0,1000,名詞,固有名詞,人名,名,*,*,美嘉,ミカ,ミカ,1/2,C0,ミカ
優樹菜,0,0,1000,名詞,固有名詞,人名,名,*,*,優樹菜,ユキナ,ユキナ,1/3,C0,ユキナ
北乃,0,0,1000,名詞,固有名詞,人名,姓,*,*,北乃,キタノ,キタノ,1/3,C0,キタノ
指原,0,0,1000,名詞,固有名詞,人名,姓,*,*,指原,サシハラ,サシハラ,2/4,C0,サシハラ
莉乃,0,0,1000,名詞,固有名詞,人名,名,*,*,莉乃,リノ,リノ,1/2,C0,リノ
凜々花,0,0,1000,名詞,固有名詞,人名,名,*,*,凜々花,リリカ,リリカ,1/3,C0,リリカ
環奈,0,0,1000,名詞,固有名詞,人名,名,*,*,環奈,カンナ,カンナ,1/3,C0,カンナ
村主,0,0,1000,名詞,固有名詞,人名,姓,*,*,村主,スグリ,スグリ,1/3,C0,スグリ
章枝,0,0,1000,名詞,固有名詞,人名,名,*,*,章枝,フミエ,フミエ,0/3,C0,フミエ
瑛士,0,0,1000,名詞,固有名詞,人名,名,*,*,瑛士,エイジ,エイジ,1/3,C0,エイジ
瑛太,0,0,1000,名詞,固有名詞,人名,名,*,*,瑛太,エイタ,エイタ,1/3,C0,エイタ
裕太,0,0,1000,名詞,固有名詞,人名,名,*,*,裕太,ユータ,ユータ,1/3,C0,ユータ
亮廣,0,0,1000,名詞,固有名詞,人名,名,*,*,亮廣,アキヒロ,アキヒロ,2/4,C0,アキヒロ
翔平,0,0,1000,名詞,固有名詞,人名,名,*,*,翔平,ショーヘイ,ショーヘイ,0/4,C0,ショーヘイ
春馬,0,0,1000,名詞,固有名詞,人名,名,*,*,春馬,ハルマ,ハルマ,1/3,C0,ハルマ
徹平,0,0,1000,名詞,固有名詞,人名,名,*,*,徹平,テッペイ,テッペイ,0/4,C0,テッペイ
真麻,0,0,1000,名詞,固有名詞,人名,名,*,*,真麻,マアサ,マアサ,1/3,C0,マアサ
佑都,0,0,1000,名詞,固有名詞,人名,名,*,*,佑都,ユート,ユート,1/3,C0,ユート
桃李,0,0,1000,名詞,固有名詞,人名,名,*,*,桃李,トオリ,トオリ,1/3,C0,トオリ
涼真,0,0,1000,名詞,固有名詞,人名,名,*,*,涼真,リョーマ,リョーマ,1/3,C0,リョーマ
菅田,0,0,1000,名詞,固有名詞,人名,姓,*,*,菅田,スダ,スダ,0/2,C0,スダ
将暉,0,0,1000,名詞,固有名詞,人名,名,*,*,将暉,マサキ,マサキ,1/3,C0,マサキ
藤ヶ谷,0,0,1000,名詞,固有名詞,人名,姓,*,*,藤ヶ谷,フジガヤ,フジガヤ,2/4,C0,フジガヤ
太輔,0,0,1000,名詞,固有名詞,人名,名,*,*,太輔,タイスケ,タイスケ,1/4,C0,タイスケ
太鳳,0,0,1000,名詞,固有名詞,人名,名,*,*,太鳳,タオ,タオ,1/2,C0,タオ
充希,0,0,1000,名詞,固有名詞,人名,名,*,*,充希,ミツキ,ミツキ,1/3,C0,ミツキ
望結,0,0,1000,名詞,固有名詞,人名,名,*,*,望結,ミユ,ミユ,1/2,C0,ミユ
日馬富士,0,0,1000,名詞,固有名詞,人名,一般,*,*,日馬富士,ハルマフジ,ハルマフジ,3/5,C0,ハルマフジ
日馬富士関,0,0,1000,名詞,固有名詞,人名,一般,*,*,日馬富士関,ハルマフジゼキ,ハルマフジゼキ,5/7,C0,ハルマフジゼキ
京野菜,0,0,1000,名詞,一般,*,*,*,*,京野菜,キョーヤサイ,キョーヤサイ,3/5,C0
洛南,0,0,1000,名詞,固有名詞,地域,一般,*,*,洛南,ラクナン,ラクナン,0/4,C0
洛北,0,0,1000,名詞,固有名詞,地域,一般,*,*,洛北,ラクホク,ラクホク,0/4,C0
行頭文字,0,0,1000,名詞,一般,*,*,*,*,行頭文字,ギョートーモジ,ギョートーモジ,5/6,C0,ギョートー モジ
縮約,0,0,1000,名詞,一般,*,*,*,*,縮約,シュクヤク,シュクヤク,0/4,C0,シュクヤク
縮約形,0,0,1000,名詞,一般,*,*,*,*,縮約形,シュクヤクケイ,シュクヤクケイ,0/6,C0,シュクヤク ケイ
令和,0,0,1000,名詞,固有名詞,一般,*,*,*,令和,レイワ,レイワ,1/3,C0,レイワ
ｍｅｉｒｙｏ　ｕｉ,0,0,1000,名詞,一般,*,*,*,*,ｍｅｉｒｙｏ　ｕｉ,メイリョー ユーアイ,メイリョー ユーアイ,0/10,C0
ｍａｎａｇｅ,0,0,1000,名詞,一般,*,*,*,*,ｍａｎａｇｅ,マネイジ,マネイジ,0/4,C0
ｃｈｏｏｓｅ,0,0,1000,名詞,一般,*,*,*,*,ｃｈｏｏｓｅ,チュウズ,チュウズ,0/4,C0
ｉｍｐａｉｒｅｄ,0,0,1000,名詞,一般,*,*,*,*,ｉｍｐａｉｒｅｄ,インペアド,インペアド,0/5,C0
ｆａｉｌｅｄ,0,0,1000,名詞,一般,*,*,*,*,ｆａｉｌｅｄ,フェイルド,フェイルド,0/5,C0
ｍｉｘｉ,0,0,1000,名詞,一般,*,*,*,*,ｍｉｘｉ,ミクシー,ミクシー,0/4,C0
ｎｕｌｌｓｏｆｔ,0,0,1000,名詞,一般,*,*,*,*,ｎｕｌｌｓｏｆｔ,ヌルソフト,ヌルソフト,0/5,C0
ｓｐｅｅｃｈ　ａｐｉ,0,0,1000,名詞,一般,*,*,*,*,ｓｐｅｅｃｈ　ａｐｉ,スピーチ エーピーアイ,スピーチ エーピーアイ,0/11,C0
ｕｓｅ,0,0,1000,名詞,一般,*,*,*,*,ｕｓｅ,ユース,ユース,0/3,C0
ｅｃｈｏ,0,0,1000,名詞,一般,*,*,*,*,ｅｃｈｏ,エコウ,エコウ,0/3,C0
ｙｏｕ,0,0,1000,名詞,一般,*,*,*,*,ｙｏｕ,ユー,ユー,0/2,C0
ｙｏｕｔｕｂｅ,0,0,1000,名詞,一般,*,*,*,*,ｙｏｕｔｕｂｅ,ユーチューブ,ユーチューブ,0/6,C0
ｆｉｌｅｓ,0,0,1000,名詞,一般,*,*,*,*,ｆｉｌｅｓ,ファイルズ,ファイルズ,0/5,C0
ｄｏｃｓ,0,0,1000,名詞,一般,*,*,*,*,ｄｏｃｓ,ドックス,ドックス,0/4,C0
ｌａｂｓ,0,0,1000,名詞,一般,*,*,*,*,ｌａｂｓ,ラブス,ラブス,0/3,C0
ｊａｐａｎｅｓｅ,0,0,1000,名詞,一般,*,*,*,*,ｊａｐａｎｅｓｅ,ジャパニーズ,ジャパニーズ,0/6,C0
ｆａｖｏｒｉｔｅｓ,0,0,1000,名詞,一般,*,*,*,*,ｆａｖｏｒｉｔｅｓ,フェイバリッツ,フェイバリッツ,0/7,C0
ｄｏｃｕｍｅｎｔｓ,0,0,1000,名詞,一般,*,*,*,*,ｄｏｃｕｍｅｎｔｓ,ドキュメンツ,ドキュメンツ,0/6,C0
ｓｅｔｔｉｎｇｓ,0,0,1000,名詞,一般,*,*,*,*,ｓｅｔｔｉｎｇｓ,セッティングズ,セッティングズ,0/7,C0
ｏｎｅ,0,0,1000,名詞,一般,*,*,*,*,ｏｎｅ,ワン,ワン,0/2,C0
ｒｅｄｉｓｔｒｉｂｕｔａｂｌｅ,0,0,1000,名詞,一般,*,*,*,*,ｒｅｄｉｓｔｒｉｂｕｔａｂｌｅ,リディストリビュータブル,リディストリビュータブル,0/12,C0
ａｐｐ,0,0,1000,名詞,一般,*,*,*,*,ａｐｐ,アップ,アップ,0/3,C0
ｔｙｐｅｓ,0,0,1000,名詞,一般,*,*,*,*,ｔｙｐｅｓ,タイプス,タイプス,0/4,C0
ｍｏｕｓｅ,0,0,1000,名詞,一般,*,*,*,*,ｍｏｕｓｅ,マウス,マウス,0/3,C0
ｐａｇｅ,0,0,1000,名詞,一般,*,*,*,*,ｐａｇｅ,ページ,ページ,0/3,C0
ｕｓａｇｅ,0,0,1000,名詞,一般,*,*,*,*,ｕｓａｇｅ,ユーセイジ,ユーセイジ,0/5,C0
ｊｕｎｅ,0,0,1000,名詞,一般,*,*,*,*,ｊｕｎｅ,ジューン,ジューン,0/4,C0
ｆｏｕｎｄａｔｉｏｎ,0,0,1000,名詞,一般,*,*,*,*,ｆｏｕｎｄａｔｉｏｎ,ファウンデイション,ファウンデイション,0/9,C0
ｆｏｕｎｄａｔｉｏｎｓ,0,0,1000,名詞,一般,*,*,*,*,ｆｏｕｎｄａｔｉｏｎｓ,ファウンデイションズ,ファウンデイションズ,0/10,C0
ｅｖｅｒｙｏｎｅ,0,0,1000,名詞,一般,*,*,*,*,ｅｖｅｒｙｏｎｅ,エブリワン,エブリワン,0/5,C0
ｅｖｅｒｙｏｎｅｓ,0,0,1000,名詞,一般,*,*,*,*,ｅｖｅｒｙｏｎｅｓ,エブリワンズ,エブリワンズ,0/6,C0
ａｌｌｏｗｅｄ,0,0,1000,名詞,一般,*,*,*,*,ａｌｌｏｗｅｄ,アラウド,アラウド,0/4,C0
ｄｅｓｉｇｎｅｄ,0,0,1000,名詞,一般,*,*,*,*,ｄｅｓｉｇｎｅｄ,デザインド,デザインド,0/5,C0
ｔａｋｅ,0,0,1000,名詞,一般,*,*,*,*,ｔａｋｅ,テイク,テイク,0/3,C0
ｔａｋｅｓ,0,0,1000,名詞,一般,*,*,*,*,ｔａｋｅｓ,テイクス,テイクス,0/4,C0
ｓｈａｒｅ,0,0,1000,名詞,一般,*,*,*,*,ｓｈａｒｅ,シェアー,シェアー,0/4,C0
ｓｈａｒｅｓ,0,0,1000,名詞,一般,*,*,*,*,ｓｈａｒｅｓ,シェアーズ,シェアーズ,0/5,C0
ｃｈａｎｇｅ,0,0,1000,名詞,一般,*,*,*,*,ｃｈａｎｇｅ,チェインジ,チェインジ,0/5,C0
ｃｈａｎｇｅｓ,0,0,1000,名詞,一般,*,*,*,*,ｃｈａｎｇｅｓ,チェインジズ,チェインジズ,0/6,C0
ｇｕａｒａｎｔｅｅ,0,0,1000,名詞,一般,*,*,*,*,ｇｕａｒａｎｔｅｅ,ギャランティー,ギャランティー,0/7,C0
ｐｒｅａｍｂｌｅ,0,0,1000,名詞,一般,*,*,*,*,ｐｒｅａｍｂｌｅ,プリアムブル,プリアムブル,0/6,C0
ｍａｋｅ,0,0,1000,名詞,一般,*,*,*,*,ｍａｋｅ,メイク,メイク,0/3,C0
ｍａｋｅｓ,0,0,1000,名詞,一般,*,*,*,*,ｍａｋｅｓ,メイクス,メイクス,0/4,C0
ｓｕｒｅ,0,0,1000,名詞,一般,*,*,*,*,ｓｕｒｅ,シュア,シュア,0/3,C0
ｕｓｅｒｓ,0,0,1000,名詞,一般,*,*,*,*,ｕｓｅｒｓ,ユーザーズ,ユーザーズ,0/5,C0
ｓｏｍｅ,0,0,1000,名詞,一般,*,*,*,*,ｓｏｍｅ,サム,サム,0/2,C0
ｄａｔａｂａｓｅ,0,0,1000,名詞,一般,*,*,*,*,ｄａｔａｂａｓｅ,デイタベイス,デイタベイス,0/6,C0
ｄａｔａｂａｓｅｓ,0,0,1000,名詞,一般,*,*,*,*,ｄａｔａｂａｓｅｓ,デイタベイシズ,デイタベイシズ,0/7,C0
ｍｏｄｅ,0,0,1000,名詞,一般,*,*,*,*,ｍｏｄｅ,モウドゥ,モウドゥ,0/4,C0
ｍｏｄｅｓ,0,0,1000,名詞,一般,*,*,*,*,ｍｏｄｅｓ,モウズ,モウズ,0/3,C0
ｏｐｅｎｅｄ,0,0,1000,名詞,一般,*,*,*,*,ｏｐｅｎｅｄ,オープンド,オープンド,0/5,C0
ｃｌｏｓｅｄ,0,0,1000,名詞,一般,*,*,*,*,ｃｌｏｓｅｄ,クローズド,クローズド,0/5,C0
ｕｎｋｎｏｗｎ,0,0,1000,名詞,一般,*,*,*,*,ｕｎｋｎｏｗｎ,アンノウン,アンノウン,0/5,C0
ｂｕｔｔｏｎ,0,0,1000,名詞,一般,*,*,*,*,ｂｕｔｔｏｎ,ボタン,ボタン,0/3,C0
ｂｕｔｔｏｎｓ,0,0,1000,名詞,一般,*,*,*,*,ｂｕｔｔｏｎｓ,ボタンズ,ボタンズ,0/4,C0
ａｎｉｍａｔｉｏｎ,0,0,1000,名詞,一般,*,*,*,*,ａｎｉｍａｔｉｏｎ,アニメイション,アニメイション,0/7,C0
ａｎｉｍａｔｉｏｎｓ,0,0,1000,名詞,一般,*,*,*,*,ａｎｉｍａｔｉｏｎｓ,アニメイションズ,アニメイションズ,0/8,C0
ｄａｔｅ,0,0,1000,名詞,一般,*,*,*,*,ｄａｔｅ,デイトゥ,デイトゥ,0/4,C0
ｄａｔｅｓ,0,0,1000,名詞,一般,*,*,*,*,ｄａｔｅｓ,デイツ,デイツ,0/3,C0
ｎｏｔｅ,0,0,1000,名詞,一般,*,*,*,*,ｎｏｔｅ,ノゥトゥ,ノゥトゥ,0/4,C0
ｌａｙｅｒｅｄ,0,0,1000,名詞,一般,*,*,*,*,ｌａｙｅｒｅｄ,レイヤード,レイヤード,0/5,C0
ｓｈａｐｅ,0,0,1000,名詞,一般,*,*,*,*,ｓｈａｐｅ,シェイプ,シェイプ,0/4,C0
ｓｉｚｅ,0,0,1000,名詞,一般,*,*,*,*,ｓｉｚｅ,サイズ,サイズ,0/3,C0
ｄａｔａ,0,0,1000,名詞,一般,*,*,*,*,ｄａｔａ,デイタ,デイタ,0/3,C0
ｒｅｑｕｉｒｅｄ,0,0,1000,名詞,一般,*,*,*,*,ｒｅｑｕｉｒｅｄ,リクワイアード,リクワイアード,0/7,C0
ａｕｔｏ,0,0,1000,名詞,一般,*,*,*,*,ａｕｔｏ,オート,オート,0/3,C0
ｉｃｏｎｉｆｉｅｄ,0,0,1000,名詞,一般,*,*,*,*,ｉｃｏｎｉｆｉｅｄ,アイコニファイド,アイコニファイド,0/8,C0
ｆｏｃｕｓａｂｌｅ,0,0,1000,名詞,一般,*,*,*,*,ｆｏｃｕｓａｂｌｅ,フォウカサブル,フォウカサブル,0/7,C0
ｅｄｉｔａｂｌｅ,0,0,1000,名詞,一般,*,*,*,*,ｅｄｉｔａｂｌｅ,エディタブル,エディタブル,0/6,C0
ｄｒａｇｇａｂｌｅ,0,0,1000,名詞,一般,*,*,*,*,ｄｒａｇｇａｂｌｅ,ドゥラッガブル,ドゥラッガブル,0/7,C0
ｃｏｎｔａｉｎｓ,0,0,1000,名詞,一般,*,*,*,*,ｃｏｎｔａｉｎｓ,コンテインズ,コンテインズ,0/6,C0
ｅｒｒｏｒｓ,0,0,1000,名詞,一般,*,*,*,*,ｅｒｒｏｒｓ,エラーズ,エラーズ,0/4,C0
ｐｏｓｉｔｉｏｎ,0,0,1000,名詞,一般,*,*,*,*,ｐｏｓｉｔｉｏｎ,ポジション,ポジション,0/5,C0
ｐｒｅｖｉｏｕｓｌｙ,0,0,1000,名詞,一般,*,*,*,*,ｐｒｅｖｉｏｕｓｌｙ,プリビアスリ,プリビアスリ,0/6,C0
ｅｎｔｅｒｅｄ,0,0,1000,名詞,一般,*,*,*,*,ｅｎｔｅｒｅｄ,エンタード,エンタード,0/5,C0
ｔｕｒｎｓ,0,0,1000,名詞,一般,*,*,*,*,ｔｕｒｎｓ,ターンズ,ターンズ,0/4,C0
ｔｏｇｇｌｅｓ,0,0,1000,名詞,一般,*,*,*,*,ｔｏｇｇｌｅｓ,トグルズ,トグルズ,0/4,C0
ｃｌｉｃｋｓ,0,0,1000,名詞,一般,*,*,*,*,ｃｌｉｃｋｓ,クリックス,クリックス,0/5,C0
ｕｎｌｏｃｋ,0,0,1000,名詞,一般,*,*,*,*,ｕｎｌｏｃｋ,アンロック,アンロック,0/5,C0
ｕｎｌｏｃｋｓ,0,0,1000,名詞,一般,*,*,*,*,ｕｎｌｏｃｋｓ,アンロックス,アンロックス,0/6,C0
ｌｏｃｋｓ,0,0,1000,名詞,一般,*,*,*,*,ｌｏｃｋｓ,ロックス,ロックス,0/4,C0
ｃｏｎｔｒｏｌｓ,0,0,1000,名詞,一般,*,*,*,*,ｃｏｎｔｒｏｌｓ,コントゥロウルズ,コントゥロウルズ,0/8,C0
ｃｕｒｒｅｎｔｌｙ,0,0,1000,名詞,一般,*,*,*,*,ｃｕｒｒｅｎｔｌｙ,カレントリ,カレントリ,0/5,C0
ｓｙｎｔｈ,0,0,1000,名詞,一般,*,*,*,*,ｓｙｎｔｈ,シンセ,シンセ,0/3,C0
ｍｏｖｅｓ,0,0,1000,名詞,一般,*,*,*,*,ｍｏｖｅｓ,ムーブズ,ムーブズ,0/4,C0
ｃｈａｒａｃｔｅｒｓ,0,0,1000,名詞,一般,*,*,*,*,ｃｈａｒａｃｔｅｒｓ,キャラクターズ,キャラクターズ,0/7,C0
ｋｅｙｓ,0,0,1000,名詞,一般,*,*,*,*,ｋｅｙｓ,キーズ,キーズ,0/3,C0
ｃｙｃｌｅｓ,0,0,1000,名詞,一般,*,*,*,*,ｃｙｃｌｅｓ,サイクルズ,サイクルズ,0/5,C0
ｌｅｖｅｌｓ,0,0,1000,名詞,一般,*,*,*,*,ｌｅｖｅｌｓ,レベルズ,レベルズ,0/4,C0
ｓｐｅａｋｓ,0,0,1000,名詞,一般,*,*,*,*,ｓｐｅａｋｓ,スピークス,スピークス,0/5,C0
ｕｎｔｉｔｌｅｄ,0,0,1000,名詞,一般,*,*,*,*,ｕｎｔｉｔｌｅｄ,アンタイトルド,アンタイトルド,0/7,C0
ｒｅｏｐｅｎ,0,0,1000,名詞,一般,*,*,*,*,ｒｅｏｐｅｎ,リオウプン,リオウプン,0/5,C0
ｒｅｏｐｅｎｓ,0,0,1000,名詞,一般,*,*,*,*,ｒｅｏｐｅｎｓ,リオウプンズ,リオウプンズ,0/6,C0
ｃｈａｉｎ,0,0,1000,名詞,一般,*,*,*,*,ｃｈａｉｎ,チェイン,チェイン,0/4,C0
ｍｉｎｕｔｅ,0,0,1000,名詞,一般,*,*,*,*,ｍｉｎｕｔｅ,ミニットゥ,ミニットゥ,0/5,C0
ｍｉｎｕｔｅｓ,0,0,1000,名詞,一般,*,*,*,*,ｍｉｎｕｔｅｓ,ミニッツ,ミニッツ,0/4,C0
ｆｌａｎｇｅｒ,0,0,1000,名詞,一般,*,*,*,*,ｆｌａｎｇｅｒ,フランジャー,フランジャー,0/6,C0
ｓｔｅｒｅｏ,0,0,1000,名詞,一般,*,*,*,*,ｓｔｅｒｅｏ,ステリオウ,ステリオウ,0/5,C0
ｒａｔｅ,0,0,1000,名詞,一般,*,*,*,*,ｒａｔｅ,レイトゥ,レイトゥ,0/4,C0
ｒｅｓａｍｐｌｅ,0,0,1000,名詞,一般,*,*,*,*,ｒｅｓａｍｐｌｅ,リサンプル,リサンプル,0/5,C0
ｅｘｉｔ,0,0,1000,名詞,一般,*,*,*,*,ｅｘｉｔ,エグジットゥ,エグジットゥ,0/6,C0
ｅｘｉｔｓ,0,0,1000,名詞,一般,*,*,*,*,ｅｘｉｔｓ,イグジッツ,イグジッツ,0/5,C0
ｖｅｒｓｉｏｎ,0,0,1000,名詞,一般,*,*,*,*,ｖｅｒｓｉｏｎ,バージョン,バージョン,0/5,C0
ｖｅｒｓｉｏｎｓ,0,0,1000,名詞,一般,*,*,*,*,ｖｅｒｓｉｏｎｓ,バージョンズ,バージョンズ,0/6,C0
ｅｐｕｂ,0,0,1000,名詞,一般,*,*,*,*,ｅｐｕｂ,イーパブ,イーパブ,0/4,C0
ｌｉｂｒｅ,0,0,1000,名詞,一般,*,*,*,*,ｌｉｂｒｅ,リブレ,リブレ,0/3,C0
ｐｉｃｔｕｒｅ,0,0,1000,名詞,一般,*,*,*,*,ｐｉｃｔｕｒｅ,ピクテュァ,ピクテュァ,0/5,C0
ｇｐｕ,0,0,1000,名詞,一般,*,*,*,*,ｇｐｕ,ジーピーユー,ジーピーユー,0/6,C0
ｄｒｉｖｅｒｓ,0,0,1000,名詞,一般,*,*,*,*,ｄｒｉｖｅｒｓ,ドゥライバーズ,ドゥライバーズ,0/7,C0
ｕｎｉｃｏｄｅ,0,0,1000,名詞,一般,*,*,*,*,ｕｎｉｃｏｄｅ,ユニコウドゥ,ユニコウドゥ,0/6,C0
ｂａｓｅ,0,0,1000,名詞,一般,*,*,*,*,ｂａｓｅ,ベイス,ベイス,0/3,C0
ａｒｅ,0,0,1000,名詞,一般,*,*,*,*,ａｒｅ,アー,アー,0/2,C0
ｖｉｓｕｍ,0,0,1000,名詞,一般,*,*,*,*,ｖｉｓｕｍ,ビズム,ビズム,0/3,C0
ｒｉｇｈｔ,0,0,1000,名詞,一般,*,*,*,*,ｒｉｇｈｔ,ライトゥ,ライトゥ,0/4,C0
ｒｉｇｈｔｓ,0,0,1000,名詞,一般,*,*,*,*,ｒｉｇｈｔｓ,ライツ,ライツ,0/3,C0
ｂｕｆｆｅｒ,0,0,1000,名詞,一般,*,*,*,*,ｂｕｆｆｅｒ,バッファー,バッファー,0/5,C0
ｂｕｆｆｅｒｓ,0,0,1000,名詞,一般,*,*,*,*,ｂｕｆｆｅｒｓ,バッファーズ,バッファーズ,0/6,C0
ｈｅｌｐ,0,0,1000,名詞,一般,*,*,*,*,ｈｅｌｐ,ヘルプ,ヘルプ,0/3,C0
ｈｅｌｐｓ,0,0,1000,名詞,一般,*,*,*,*,ｈｅｌｐｓ,ヘルプス,ヘルプス,0/4,C0
ａｎｙｔｈｉｎｇ,0,0,1000,名詞,一般,*,*,*,*,ａｎｙｔｈｉｎｇ,エニスイング,エニスイング,0/6,C0
ａｎｙｔｈｉｎｇｓ,0,0,1000,名詞,一般,*,*,*,*,ａｎｙｔｈｉｎｇｓ,エニスイングズ,エニスイングズ,0/7,C0
ｗｏｒｋ,0,0,1000,名詞,一般,*,*,*,*,ｗｏｒｋ,ワーク,ワーク,0/3,C0
ｗｏｒｋｓ,0,0,1000,名詞,一般,*,*,*,*,ｗｏｒｋｓ,ワークス,ワークス,0/4,C0
ｎｏｔｅｓ,0,0,1000,名詞,一般,*,*,*,*,ｎｏｔｅｓ,ノウツ,ノウツ,0/3,C0
ｃｏｍｍａｎｄ,0,0,1000,名詞,一般,*,*,*,*,ｃｏｍｍａｎｄ,コマンドゥ,コマンドゥ,0/5,C0
ｃｏｍｍａｎｄｓ,0,0,1000,名詞,一般,*,*,*,*,ｃｏｍｍａｎｄｓ,コマンズ,コマンズ,0/4,C0
ｐｒｏｍｐｔ,0,0,1000,名詞,一般,*,*,*,*,ｐｒｏｍｐｔ,プロンプトゥ,プロンプトゥ,0/6,C0
ｐｒｏｍｐｔｓ,0,0,1000,名詞,一般,*,*,*,*,ｐｒｏｍｐｔｓ,プロンプツ,プロンプツ,0/5,C0
ｅｄｉｔｏｒ,0,0,1000,名詞,一般,*,*,*,*,ｅｄｉｔｏｒ,エディター,エディター,0/5,C0
ｅｄｉｔｏｒｓ,0,0,1000,名詞,一般,*,*,*,*,ｅｄｉｔｏｒｓ,エディターズ,エディターズ,0/6,C0
ｓｈｅｌｌ,0,0,1000,名詞,一般,*,*,*,*,ｓｈｅｌｌ,シェル,シェル,0/3,C0
ｓｈｅｌｌｓ,0,0,1000,名詞,一般,*,*,*,*,ｓｈｅｌｌｓ,シェルズ,シェルズ,0/4,C0
ｄｅｓｋｔｏｐ,0,0,1000,名詞,一般,*,*,*,*,ｄｅｓｋｔｏｐ,デスクトップ,デスクトップ,0/6,C0
ｄｅｓｋｔｏｐｓ,0,0,1000,名詞,一般,*,*,*,*,ｄｅｓｋｔｏｐｓ,デスクトップス,デスクトップス,0/7,C0
ｔｏｐ,0,0,1000,名詞,一般,*,*,*,*,ｔｏｐ,トップ,トップ,0/3,C0
ｔｏｐｓ,0,0,1000,名詞,一般,*,*,*,*,ｔｏｐｓ,トップス,トップス,0/4,C0
ｒｅｓｅｒｖｅ,0,0,1000,名詞,一般,*,*,*,*,ｒｅｓｅｒｖｅ,リザーブ,リザーブ,0/4,C0
ｒｅｓｅｒｖｅｄ,0,0,1000,名詞,一般,*,*,*,*,ｒｅｓｅｒｖｅｄ,リザーブド,リザーブド,0/5,C0
ｆｏｒ　ｅａｃｈ　ａｕｔｈｏｒ’ｓ　ｐｒｏｔｅｃｔｉｏｎ,0,0,1000,名詞,一般,*,*,*,*,ｆｏｒ　ｅａｃｈ　ａｕｔｈｏｒ’ｓ　ｐｒｏｔｅｃｔｉｏｎ,フォー イーチ オーサーズ プロテクション,フォー イーチ オーサーズ プロテクション,0/21,C0
ｆｏｒ　ｅａｃｈ　ａｕｔｈｏｒｓ’　ｐｒｏｔｅｃｔｉｏｎ,0,0,1000,名詞,一般,*,*,*,*,ｆｏｒ　ｅａｃｈ　ａｕｔｈｏｒｓ’　ｐｒｏｔｅｃｔｉｏｎ,フォー イーチ オーサーズ’ プロテクション,フォー イーチ オーサーズ’ プロテクション,0/22,C0
ｕｓｉｎｇ　ｉｔ,0,0,1000,名詞,一般,*,*,*,*,ｕｓｉｎｇ　ｉｔ,ユージング イットゥ,ユージング イットゥ,0/10,C0
ｄｉｓｔｒｉｂｕｔａｂｌｅ,0,0,1000,名詞,一般,*,*,*,*,ｄｉｓｔｒｉｂｕｔａｂｌｅ,ディストリビュータブル,ディストリビュータブル,0/11,C0
ｕｓａ,0,0,1000,名詞,一般,*,*,*,*,ｕｓａ,ユーエスエー,ユーエスエー,0/6,C0
ｃｏｖｅｒｅｄ　ｂｙ,0,0,1000,名詞,一般,*,*,*,*,ｃｏｖｅｒｅｄ　ｂｙ,カバード バイ,カバード バイ,0/7,C0
ｙｏｕｒ　ｐｒｏｇｒａｍｓ　ｔｏｏ,0,0,1000,名詞,一般,*,*,*,*,ｙｏｕｒ　ｐｒｏｇｒａｍｓ　ｔｏｏ,ユア プログラムズ トゥー,ユア プログラムズ トゥー,0/13,C0
ｙｏｕ　ｃａｎ　ｄｏ,0,0,1000,名詞,一般,*,*,*,*,ｙｏｕ　ｃａｎ　ｄｏ,ユー キャン ドゥー,ユー キャン ドゥー,0/10,C0
ｓｕｃｈ　ａ　ｐｒｏｇｒａｍ,0,0,1000,名詞,一般,*,*,*,*,ｓｕｃｈ　ａ　ｐｒｏｇｒａｍ,サッチ エイ プログラム,サッチ エイ プログラム,0/12,C0
ｆｏｒ　ａ　ｆｅｅ,0,0,1000,名詞,一般,*,*,*,*,ｆｏｒ　ａ　ｆｅｅ,フォー エイ フィー,フォー エイ フィー,0/10,C0
ｌｅｇａｌ　ｐｅｒｍｉｓｓｉｏｎ　ｔｏ　ｃｏｐｙ,0,0,1000,名詞,一般,*,*,*,*,ｌｅｇａｌ　ｐｅｒｍｉｓｓｉｏｎ　ｔｏ　ｃｏｐｙ,リーガル パーミッション トゥー コピー,リーガル パーミッション トゥー コピー,0/20,C0
ｔｈｒｅａｔｅｎｅｄ,0,0,1000,名詞,一般,*,*,*,*,ｔｈｒｅａｔｅｎｅｄ,スレッテンド,スレッテンド,0/6,C0
ｐａｔｅｎｔ　ｍｕｓｔ　ｂｅ　ｌｉｃｅｎｓｅｄ,0,0,1000,名詞,一般,*,*,*,*,ｐａｔｅｎｔ　ｍｕｓｔ　ｂｅ　ｌｉｃｅｎｓｅｄ,パテントゥ マストゥ ビー ライセンストゥ,パテントゥ マストゥ ビー ライセンストゥ,0/21,C0
ｃｏｎｓｐｉｃｕｏｕｓｌｙ　ａｎｄ　ａｐｐｒｏｐｒｉａｔｅｌｙ,0,0,1000,名詞,一般,*,*,*,*,ｃｏｎｓｐｉｃｕｏｕｓｌｙ　ａｎｄ　ａｐｐｒｏｐｒｉａｔｅｌｙ,コンスピシャスリィ アンドゥ アプロプリエトリィ,コンスピシャスリィ アンドゥ アプロプリエトリィ,0/24,C0
ｙｏｕ　ｃｈａｎｇｅｄ,0,0,1000,名詞,一般,*,*,*,*,ｙｏｕ　ｃｈａｎｇｅｄ,ユー チェインジド,ユー チェインジド,0/9,C0
ｉｎｔｅｒａｃｔｉｖｅｌｙ,0,0,1000,名詞,一般,*,*,*,*,ｉｎｔｅｒａｃｔｉｖｅｌｙ,インタラクティブリィ,インタラクティブリィ,0/10,C0
ｃｏｎｓｉｄｅｒｅｄ,0,0,1000,名詞,一般,*,*,*,*,ｃｏｎｓｉｄｅｒｅｄ,コンシダード,コンシダード,0/6,C0
ｔｈｅ　ｏｆｆｅｒ,0,0,1000,名詞,一般,*,*,*,*,ｔｈｅ　ｏｆｆｅｒ,ザ オファー,ザ オファー,0/6,C0
ｒｕｎ,0,0,1000,名詞,一般,*,*,*,*,ｒｕｎ,ラン,ラン,0/2,C0
ｒｕｎｓ,0,0,1000,名詞,一般,*,*,*,*,ｒｕｎｓ,ランズ,ランズ,0/3,C0
ｅｘｐｒｅｓｓｌｙ,0,0,1000,名詞,一般,*,*,*,*,ｅｘｐｒｅｓｓｌｙ,エクスプレスリィ,エクスプレスリィ,0/8,C0
ｒｅａｓｏｎ,0,0,1000,名詞,一般,*,*,*,*,ｒｅａｓｏｎ,リーズン,リーズン,0/4,C0
ｓｉｍｕｌｔａｎｅｏｕｓｌｙ,0,0,1000,名詞,一般,*,*,*,*,ｓｉｍｕｌｔａｎｅｏｕｓｌｙ,サイマルテニアスリィ,サイマルテニアスリィ,0/10,C0
ｄｉｒｅｃｔｌｙ,0,0,1000,名詞,一般,*,*,*,*,ｄｉｒｅｃｔｌｙ,ダイレクトリィ,ダイレクトリィ,0/7,C0
ｕｎｅｎｆｏｒｃｅａｂｌｅ,0,0,1000,名詞,一般,*,*,*,*,ｕｎｅｎｆｏｒｃｅａｂｌｅ,アンエンフォーサブル,アンエンフォーサブル,0/10,C0
ｃｏｎｔｒｉｂｕｔｉｏｎｓ,0,0,1000,名詞,一般,*,*,*,*,ｃｏｎｔｒｉｂｕｔｉｏｎｓ,コントリビューションズ,コントリビューションズ,0/11,C0
ｈｅ　ｏｒ　ｓｈｅ,0,0,1000,名詞,一般,*,*,*,*,ｈｅ　ｏｒ　ｓｈｅ,ヒー オア シー,ヒー オア シー,0/8,C0
ｔｈｏｒｏｕｇｈｌｙ,0,0,1000,名詞,一般,*,*,*,*,ｔｈｏｒｏｕｇｈｌｙ,サラフリィ,サラフリィ,0/5,C0
ｉｎｃｏｒｐｏｒａｔｅｓ,0,0,1000,名詞,一般,*,*,*,*,ｉｎｃｏｒｐｏｒａｔｅｓ,インコーポレイツ,インコーポレイツ,0/8,C0
ｉｎｃｏｒｐｏｒａｔｅ,0,0,1000,名詞,一般,*,*,*,*,ｉｎｃｏｒｐｏｒａｔｅ,インコーポレイト,インコーポレイト,0/8,C0
ｒｅｕｓｅ,0,0,1000,名詞,一般,*,*,*,*,ｒｅｕｓｅ,リユーズ,リユーズ,0/4,C0
ｗａｒｒａｎｔｉｅｓ,0,0,1000,名詞,一般,*,*,*,*,ｗａｒｒａｎｔｉｅｓ,ワランティーズ,ワランティーズ,0/7,C0
ａｇｒｅｅｄ,0,0,1000,名詞,一般,*,*,*,*,ａｇｒｅｅｄ,アグリード,アグリード,0/5,C0
ｂｅｉｎｇ　ｒｅｎｄｅｒｅｄ　ｉｎａｃｃｕｒａｔｅ,0,0,1000,名詞,一般,*,*,*,*,ｂｅｉｎｇ　ｒｅｎｄｅｒｅｄ　ｉｎａｃｃｕｒａｔｅ,ビイーイング レンダード インアキュレイト,ビイーイング レンダード インアキュレイト,0/21,C0
ｓｕｓｔａｉｎｅｄ　ｂｙ,0,0,1000,名詞,一般,*,*,*,*,ｓｕｓｔａｉｎｅｄ　ｂｙ,サステインド バイ,サステインド バイ,0/9,C0
ｓｐｅｅｃｈ　ｓｙｎｔｈｅｓｉｓｅｒ,0,0,1000,名詞,一般,*,*,*,*,ｓｐｅｅｃｈ　ｓｙｎｔｈｅｓｉｓｅｒ,スピーチ シンセサイザー,スピーチ シンセサイザー,0/12,C0
ｋｉｌｌｅｄ,0,0,1000,名詞,一般,*,*,*,*,ｋｉｌｌｅｄ,キルド,キルド,0/3,C0
ｓｅｅ,0,0,1000,名詞,一般,*,*,*,*,ｓｅｅ,シー,シー,0/2,C0
ｙｏｕ　ｓｈｏｕｌｄ　ｓｅｅ　ａｐｐｒｏｘｉｍａｔｅｌｙ　ｅｑｕｉｖａｌｅｎｔ　ｒｅｎｄｅｒｉｎｇｓ,0,0,1000,名詞,一般,*,*,*,*,ｙｏｕ　ｓｈｏｕｌｄ　ｓｅｅ　ａｐｐｒｏｘｉｍａｔｅｌｙ　ｅｑｕｉｖａｌｅｎｔ　ｒｅｎｄｅｒｉｎｇｓ,ユー シュドゥ シー アプロクシメットゥリー イクィバレントゥ レンダリングズ,ユー シュドゥ シー アプロクシメットゥリー イクィバレントゥ レンダリングズ,0/39,C0
ｗａｉｃ,0,0,1000,名詞,一般,*,*,*,*,ｗａｉｃ,ウェイク,ウェイク,0/4,C0
ｒｅｃｔ,0,0,1000,名詞,一般,*,*,*,*,ｒｅｃｔ,レクト,レクト,0/3,C0
ｉｏｃ,0,0,1000,名詞,一般,*,*,*,*,ｉｏｃ,アイオーシー,アイオーシー,0/6,C0
ｃｏｒｔａｎａ,0,0,1000,名詞,一般,*,*,*,*,ｃｏｒｔａｎａ,コルタナ,コルタナ,0/4,C0
ｉｎｓｔａｌｌｅｄ,0,0,1000,名詞,一般,*,*,*,*,ｉｎｓｔａｌｌｅｄ,インストールド,インストールド,0/7,C0
ｄａｔｅｄ,0,0,1000,名詞,一般,*,*,*,*,ｄａｔｅｄ,デイティドゥ,デイティドゥ,0/6,C0
ｃｒｅａｔｅｄ,0,0,1000,名詞,一般,*,*,*,*,ｃｒｅａｔｅｄ,クリエイティドゥ,クリエイティドゥ,0/8,C0
ｕｐｄａｔｅｄ,0,0,1000,名詞,一般,*,*,*,*,ｕｐｄａｔｅｄ,アップデーティド,アップデーティド,0/8,C0
ｔｏｋｙｏ,0,0,1000,名詞,一般,*,*,*,*,ｔｏｋｙｏ,トウキョウ,トウキョウ,0/5,C0
ｋｉｔ　ａ,0,0,1000,名詞,一般,*,*,*,*,ｋｉｔ　ａ,キットゥ エイ,キットゥ エイ,0/7,C0
ｉｎｓｉｄｅ,0,0,1000,名詞,一般,*,*,*,*,ｉｎｓｉｄｅ,インサイドゥ,インサイドゥ,0/6,C0
ｇｉｔ,0,0,1000,名詞,一般,*,*,*,*,ｇｉｔ,ギットゥ,ギットゥ,0/4,C0
ａｕｔｏｍａｔｉｏｎ,0,0,1000,名詞,一般,*,*,*,*,ａｕｔｏｍａｔｉｏｎ,オートメイション,オートメイション,0/8,C0
ｕｉ　ａｕｔｏｍａｔｉｏｎ,0,0,1000,名詞,一般,*,*,*,*,ｕｉ　ａｕｔｏｍａｔｉｏｎ,ユーアイ オートメイション,ユーアイ オートメイション,0/13,C0
ｏｕｔｐｕｔｔｉｎｇ,0,0,1000,名詞,一般,*,*,*,*,ｏｕｔｐｕｔｔｉｎｇ,アウトプッティング,アウトプッティング,0/9,C0
ｕｎｖｅｉｌｓ,0,0,1000,名詞,一般,*,*,*,*,ｕｎｖｅｉｌｓ,アンベイルズ,アンベイルズ,0/6,C0
ｄｒａｗｉｎｇ,0,0,1000,名詞,一般,*,*,*,*,ｄｒａｗｉｎｇ,ドゥローイング,ドゥローイング,0/7,C0
ｕｎｄｅｆｉｎｅｄ,0,0,1000,名詞,一般,*,*,*,*,ｕｎｄｅｆｉｎｅｄ,アンデファインドゥ,アンデファインドゥ,0/9,C0
ｃｏｍｐｌｅｔｅｌｙ,0,0,1000,名詞,一般,*,*,*,*,ｃｏｍｐｌｅｔｅｌｙ,コンプリートリィ,コンプリートリィ,0/8,C0
ｑｕｉｃｋ,0,0,1000,名詞,一般,*,*,*,*,ｑｕｉｃｋ,クイック,クイック,0/4,C0
ｑｕｉｃｋｌｙ,0,0,1000,名詞,一般,*,*,*,*,ｑｕｉｃｋｌｙ,クイックリィ,クイックリィ,0/6,C0
ｎｖａｃｃｅｓｓ,0,0,1000,名詞,一般,*,*,*,*,ｎｖａｃｃｅｓｓ,エヌブイアクセス,エヌブイアクセス,0/8,C0
ｎｖｄａ,0,0,1000,名詞,一般,*,*,*,*,ｎｖｄａ,エヌブイディーエー,エヌブイディーエー,0/9,C0
ｅｄｉｔ,0,0,1000,名詞,一般,*,*,*,*,ｅｄｉｔ,エディット,エディット,0/5,C0
ｄｉｇｉｔａｌ,0,0,1000,名詞,一般,*,*,*,*,ｄｉｇｉｔａｌ,デジタル,デジタル,0/4,C0
ｉｍａｇｅｓ,0,0,1000,名詞,一般,*,*,*,*,ｉｍａｇｅｓ,イメージャズ,イメージャズ,0/6,C0
ｆａｍｉｌｙ,0,0,1000,名詞,一般,*,*,*,*,ｆａｍｉｌｙ,ファミリー,ファミリー,0/5,C0
ｌａｎｇｕａｇｅ,0,0,1000,名詞,一般,*,*,*,*,ｌａｎｇｕａｇｅ,ランゲージ,ランゲージ,0/5,C0
ｙｏｕ,0,0,1000,名詞,一般,*,*,*,*,ｙｏｕ,ユー,ユー,0/2,C0
ｔｈｉｓ,0,0,1000,名詞,一般,*,*,*,*,ｔｈｉｓ,ジス,ジス,0/2,C0
ｗｉｌｌ,0,0,1000,名詞,一般,*,*,*,*,ｗｉｌｌ,ウィル,ウィル,0/3,C0
ｗｈｅｎ,0,0,1000,名詞,一般,*,*,*,*,ｗｈｅｎ,ウェン,ウェン,0/3,C0
ｃａｎ,0,0,1000,名詞,一般,*,*,*,*,ｃａｎ,キャン,キャン,0/3,C0
ａｒｅ,0,0,1000,名詞,一般,*,*,*,*,ａｒｅ,アー,アー,0/2,C0
ｔｈａｔ,0,0,1000,名詞,一般,*,*,*,*,ｔｈａｔ,ザット,ザット,0/3,C0
ｗｉｔｈ,0,0,1000,名詞,一般,*,*,*,*,ｗｉｔｈ,ウィズ,ウィズ,0/3,C0
ｎｏｔ,0,0,1000,名詞,一般,*,*,*,*,ｎｏｔ,ナット,ナット,0/3,C0
ｕｓｅ,0,0,1000,名詞,一般,*,*,*,*,ｕｓｅ,ユーズ,ユーズ,0/3,C0
ｕｓｉｎｇ,0,0,1000,名詞,一般,*,*,*,*,ｕｓｉｎｇ,ユージング,ユージング,0/5,C0
ｗｈｉｃｈ,0,0,1000,名詞,一般,*,*,*,*,ｗｈｉｃｈ,ウィッチ,ウィッチ,0/4,C0
ｍａｙ,0,0,1000,名詞,一般,*,*,*,*,ｍａｙ,メイ,メイ,0/2,C0
ｙｏｕｒ,0,0,1000,名詞,一般,*,*,*,*,ｙｏｕｒ,ユアー,ユアー,0/3,C0
ａｌｌ,0,0,1000,名詞,一般,*,*,*,*,ａｌｌ,オール,オール,0/3,C0
ａｌｓｏ,0,0,1000,名詞,一般,*,*,*,*,ａｌｓｏ,オルソウ,オルソウ,0/4,C0
ｈａｖｅ,0,0,1000,名詞,一般,*,*,*,*,ｈａｖｅ,ハブ,ハブ,0/2,C0
ｏｔｈｅｒ,0,0,1000,名詞,一般,*,*,*,*,ｏｔｈｅｒ,アザー,アザー,0/3,C0
ｓｕｃｈ,0,0,1000,名詞,一般,*,*,*,*,ｓｕｃｈ,サッチ,サッチ,0/3,C0
ｔｈｅｓｅ,0,0,1000,名詞,一般,*,*,*,*,ｔｈｅｓｅ,ジーズ,ジーズ,0/3,C0
ａｎｙ,0,0,1000,名詞,一般,*,*,*,*,ａｎｙ,エニー,エニー,0/3,C0
ｓｈｏｕｌｄ,0,0,1000,名詞,一般,*,*,*,*,ｓｈｏｕｌｄ,シュッド,シュッド,0/4,C0
ｓｏｍｅ,0,0,1000,名詞,一般,*,*,*,*,ｓｏｍｅ,サム,サム,0/2,C0
ｍｏｒｅ,0,0,1000,名詞,一般,*,*,*,*,ｍｏｒｅ,モアー,モアー,0/3,C0
ｄｏｗｎ,0,0,1000,名詞,一般,*,*,*,*,ｄｏｗｎ,ダウン,ダウン,0/3,C0
ｈａｓ,0,0,1000,名詞,一般,*,*,*,*,ｈａｓ,ハズ,ハズ,0/2,C0
ｔｈｅｎ,0,0,1000,名詞,一般,*,*,*,*,ｔｈｅｎ,ゼン,ゼン,0/2,C0
ｎｅｗ,0,0,1000,名詞,一般,*,*,*,*,ｎｅｗ,ニュー,ニュー,0/3,C0
ｏｎｃｅ,0,0,1000,名詞,一般,*,*,*,*,ｏｎｃｅ,ワンス,ワンス,0/3,C0
ｅａｃｈ,0,0,1000,名詞,一般,*,*,*,*,ｅａｃｈ,イーチ,イーチ,0/3,C0
ｔｈｅｒｅ,0,0,1000,名詞,一般,*,*,*,*,ｔｈｅｒｅ,ゼアー,ゼアー,0/3,C0
ｕｎｄｅｒ,0,0,1000,名詞,一般,*,*,*,*,ｕｎｄｅｒ,アンダー,アンダー,0/4,C0
ｔｈｅｍ,0,0,1000,名詞,一般,*,*,*,*,ｔｈｅｍ,ゼム,ゼム,0/2,C0
ｂｏｔｈ,0,0,1000,名詞,一般,*,*,*,*,ｂｏｔｈ,ボース,ボース,0/3,C0
ｂｅｉｎｇ,0,0,1000,名詞,一般,*,*,*,*,ｂｅｉｎｇ,ビーイング,ビーイング,0/5,C0
ｍｏｓｔ,0,0,1000,名詞,一般,*,*,*,*,ｍｏｓｔ,モウスト,モウスト,0/4,C0
ｍｕｓｔ,0,0,1000,名詞,一般,*,*,*,*,ｍｕｓｔ,マスト,マスト,0/3,C0
ｔｈａｎ,0,0,1000,名詞,一般,*,*,*,*,ｔｈａｎ,ザン,ザン,0/2,C0
ｔｈｅｙ,0,0,1000,名詞,一般,*,*,*,*,ｔｈｅｙ,ゼイ,ゼイ,0/2,C0
ｏｕｔ,0,0,1000,名詞,一般,*,*,*,*,ｏｕｔ,アウト,アウト,0/3,C0
ｉｔｓ,0,0,1000,名詞,一般,*,*,*,*,ｉｔｓ,イツ,イツ,0/2,C0
ｄｏｅｓ,0,0,1000,名詞,一般,*,*,*,*,ｄｏｅｓ,ダズ,ダズ,0/2,C0
ｂｅｅｎ,0,0,1000,名詞,一般,*,*,*,*,ｂｅｅｎ,ビン,ビン,0/2,C0
ｊｕｓｔ,0,0,1000,名詞,一般,*,*,*,*,ｊｕｓｔ,ジャスト,ジャスト,0/4,C0
ｗｏｕｌｄ,0,0,1000,名詞,一般,*,*,*,*,ｗｏｕｌｄ,ウッド,ウッド,0/3,C0
ｍｉｇｈｔ,0,0,1000,名詞,一般,*,*,*,*,ｍｉｇｈｔ,マイト,マイト,0/3,C0
ｏｖｅｒ,0,0,1000,名詞,一般,*,*,*,*,ｏｖｅｒ,オウバー,オウバー,0/4,C0
ｆｕｒｔｈｅｒ,0,0,1000,名詞,一般,*,*,*,*,ｆｕｒｔｈｅｒ,ファーザー,ファーザー,0/5,C0
ａｇａｉｎ,0,0,1000,名詞,一般,*,*,*,*,ａｇａｉｎ,アゲイン,アゲイン,0/4,C0
ｗａｓ,0,0,1000,名詞,一般,*,*,*,*,ｗａｓ,ワズ,ワズ,0/2,C0
ｗｅｒｅ,0,0,1000,名詞,一般,*,*,*,*,ｗｅｒｅ,ワー,ワー,0/2,C0
ｉｎｔｏ,0,0,1000,名詞,一般,*,*,*,*,ｉｎｔｏ,イントゥー,イントゥー,0/5,C0
ｗｈｉｌｅ,0,0,1000,名詞,一般,*,*,*,*,ｗｈｉｌｅ,ワイル,ワイル,0/3,C0
ｖｅｒｙ,0,0,1000,名詞,一般,*,*,*,*,ｖｅｒｙ,ベリー,ベリー,0/3,C0
ｗｈａｔ,0,0,1000,名詞,一般,*,*,*,*,ｗｈａｔ,ワット,ワット,0/3,C0
ｗｈｅｒｅ,0,0,1000,名詞,一般,*,*,*,*,ｗｈｅｒｅ,ウェアー,ウェアー,0/4,C0
ｗｈｏ,0,0,1000,名詞,一般,*,*,*,*,ｗｈｏ,フー,フー,0/2,C0
ｈｏｗ,0,0,1000,名詞,一般,*,*,*,*,ｈｏｗ,ハウ,ハウ,0/2,C0
ｈｉｍ,0,0,1000,名詞,一般,*,*,*,*,ｈｉｍ,ヒム,ヒム,0/2,C0
ｈｅｒ,0,0,1000,名詞,一般,*,*,*,*,ｈｅｒ,ハー,ハー,0/2,C0
ｕｓ,0,0,1000,名詞,一般,*,*,*,*,ｕｓ,アス,アス,0/2,C0
ｉｆ,0,0,1000,名詞,一般,*,*,*,*,ｉｆ,イフ,イフ,0/2,C0
ｏｒ,0,0,1000,名詞,一般,*,*,*,*,ｏｒ,オー,オー,0/2,C0
ｎｏ,0,0,1000,名詞,一般,*,*,*,*,ｎｏ,ノウ,ノウ,0/2,C0
ｕｐ,0,0,1000,名詞,一般,*,*,*,*,ｕｐ,アップ,アップ,0/3,C0
ｗａｙ,0,0,1000,名詞,一般,*,*,*,*,ｗａｙ,ウェイ,ウェイ,0/3,C0
ｔｈｒｏｕｇｈ,0,0,1000,名詞,一般,*,*,*,*,ｔｈｒｏｕｇｈ,スルー,スルー,0/3,C0
ｒｕｎｔｉｍｅ,0,0,1000,名詞,一般,*,*,*,*,ｒｕｎｔｉｍｅ,ランタイム,ランタイム,0/5,C0
ｓｍａｐ,0,0,1000,名詞,一般,*,*,*,*,ｓｍａｐ,スマップ,スマップ,0/4,C0
ｇａｍｅ,0,0,1000,名詞,一般,*,*,*,*,ｇａｍｅ,ゲイム,ゲイム,0/3,C0
ｇａｍｉｎｇ,0,0,1000,名詞,一般,*,*,*,*,ｇａｍｉｎｇ,ゲイミング,ゲイミング,0/5,C0
ｍｅｔｅｒ,0,0,1000,名詞,一般,*,*,*,*,ｍｅｔｅｒ,ミーター,ミーター,0/4,C0
ｍｅｔｅｒｅｄ,0,0,1000,名詞,一般,*,*,*,*,ｍｅｔｅｒｅｄ,ミータードゥ,ミータードゥ,0/6,C0
ｔｈｅｍｅ,0,0,1000,名詞,一般,*,*,*,*,ｔｈｅｍｅ,スィーム,スィーム,0/4,C0
ｔｈｅｍｅｓ,0,0,1000,名詞,一般,*,*,*,*,ｔｈｅｍｅｓ,スィームズ,スィームズ,0/5,C0
ｉｎｋ,0,0,1000,名詞,一般,*,*,*,*,ｉｎｋ,インク,インク,0/3,C0
ｉｎｋｉｎｇ,0,0,1000,名詞,一般,*,*,*,*,ｉｎｋｉｎｇ,インキング,インキング,0/5,C0
ｔａｓｋ,0,0,1000,名詞,一般,*,*,*,*,ｔａｓｋ,タスク,タスク,0/3,C0
ｔａｓｋｓ,0,0,1000,名詞,一般,*,*,*,*,ｔａｓｋｓ,タスクス,タスクス,0/4,C0
ｔｈａｔ’ｓ,0,0,1000,名詞,一般,*,*,*,*,ｔｈａｔ’ｓ,ザッツ,ザッツ,0/3,C0
ｅｘｐｌｉｃｉｔ,0,0,1000,名詞,一般,*,*,*,*,ｅｘｐｌｉｃｉｔ,イクスプリシットゥ,イクスプリシットゥ,0/9,C0
ｄｏｎ’ｔ　ｅｘｐｌｉｃｉｔｌｙ,0,0,1000,名詞,一般,*,*,*,*,ｄｏｎ’ｔ　ｅｘｐｌｉｃｉｔｌｙ,ドント イクスプリシットリィ,ドント イクスプリシットリィ,0/14,C0
ｕｐｄａｔｅｓ,0,0,1000,名詞,一般,*,*,*,*,ｕｐｄａｔｅｓ,アップデーツ,アップデーツ,0/6,C0
ｕｎｉｎｓｔａｌｌ,0,0,1000,名詞,一般,*,*,*,*,ｕｎｉｎｓｔａｌｌ,アンインストール,アンインストール,0/8,C0
ｂａｃｋｕｐ,0,0,1000,名詞,一般,*,*,*,*,ｂａｃｋｕｐ,バックアップ,バックアップ,0/6,C0
ｂａｃｋｕｐｓ,0,0,1000,名詞,一般,*,*,*,*,ｂａｃｋｕｐｓ,バックアップス,バックアップス,0/7,C0
ｖｉｅｗｉｎｇ,0,0,1000,名詞,一般,*,*,*,*,ｖｉｅｗｉｎｇ,ビューイング,ビューイング,0/6,C0
ｈｏｍｅｐａｇｅ,0,0,1000,名詞,一般,*,*,*,*,ｈｏｍｅｐａｇｅ,ホームページ,ホームページ,0/6,C0
ｔｉｆｌｏｔｅｃｎｉａ,0,0,1000,名詞,一般,*,*,*,*,ｔｉｆｌｏｔｅｃｎｉａ,ティフロテクニア,ティフロテクニア,0/8,C0
ｐｏｋéｍｏｎ,0,0,1000,名詞,一般,*,*,*,*,ｐｏｋéｍｏｎ,pokemon,pokemon,0/7,C0
ｇｏ,0,0,1000,名詞,一般,*,*,*,*,ｇｏ,ゴー,ゴー,0/2,C0
ｐｏｓｓｉｂｉｌｉｔｙ,0,0,1000,名詞,一般,*,*,*,*,ｐｏｓｓｉｂｉｌｉｔｙ,ポッシビリティー,ポッシビリティー,0/8,C0
ｓｅａｓ,0,0,1000,名詞,一般,*,*,*,*,ｓｅａｓ,シーズ,シーズ,0/3,C0
ｗｏｒｄｓ,0,0,1000,名詞,一般,*,*,*,*,ｗｏｒｄｓ,ワーズ,ワーズ,0/3,C0
ｎｖｄａｓｒ,0,0,1000,名詞,一般,*,*,*,*,ｎｖｄａｓｒ,エヌブイディーエーエスアール,エヌブイディーエーエスアール,0/14,C0
ｗｉｎｄｏｗｓｓｒ,0,0,1000,名詞,一般,*,*,*,*,ｗｉｎｄｏｗｓｓｒ,ウィンドウズエスアール,ウィンドウズエスアール,0/11,C0
ｊａｗｓｓｒ,0,0,1000,名詞,一般,*,*,*,*,ｊａｗｓｓｒ,ジョーズエスアール,ジョーズエスアール,0/9,C0
ｅｘｃｅｌｓｒ,0,0,1000,名詞,一般,*,*,*,*,ｅｘｃｅｌｓｒ,エクセルエスアール,エクセルエスアール,0/9,C0
ｗｏｒｄｓｒ,0,0,1000,名詞,一般,*,*,*,*,ｗｏｒｄｓｒ,ワードエスアール,ワードエスアール,0/8,C0
ｓｏｍｅｏｎｅ,0,0,1000,名詞,一般,*,*,*,*,ｓｏｍｅｏｎｅ,サムワン,サムワン,0/4,C0
ｗａｒｅｈｏｕｓｅ,0,0,1000,名詞,一般,*,*,*,*,ｗａｒｅｈｏｕｓｅ,ウェアーハウス,ウェアーハウス,0/7,C0
ｓｏｍｅｔｉｍｅ,0,0,1000,名詞,一般,*,*,*,*,ｓｏｍｅｔｉｍｅ,サムタイム,サムタイム,0/5,C0
ｔｅａｔｉｍｅ,0,0,1000,名詞,一般,*,*,*,*,ｔｅａｔｉｍｅ,ティータイム,ティータイム,0/6,C0
ｏｎｓｉｔｅ,0,0,1000,名詞,一般,*,*,*,*,ｏｎｓｉｔｅ,オンサイトゥ,オンサイトゥ,0/6,C0
ｃｅｒｔａｉｎ,0,0,1000,名詞,一般,*,*,*,*,ｃｅｒｔａｉｎ,サートゥン,サートゥン,0/5,C0
ｏｂｖｉｏｕｓ,0,0,1000,名詞,一般,*,*,*,*,ｏｂｖｉｏｕｓ,オブビアス,オブビアス,0/5,C0
ｒｅｃｅｎｔ,0,0,1000,名詞,一般,*,*,*,*,ｒｅｃｅｎｔ,リーセントゥ,リーセントゥ,0/6,C0
ｃｅｒｔａｉｎｌｙ,0,0,1000,名詞,一般,*,*,*,*,ｃｅｒｔａｉｎｌｙ,サートゥンリー,サートゥンリー,0/7,C0
ｏｂｖｉｏｕｓｌｙ,0,0,1000,名詞,一般,*,*,*,*,ｏｂｖｉｏｕｓｌｙ,オブビアスリー,オブビアスリー,0/7,C0
ｒｅｃｅｎｔｌｙ,0,0,1000,名詞,一般,*,*,*,*,ｒｅｃｅｎｔｌｙ,リーセントゥリー,リーセントゥリー,0/8,C0
ｉｎｓｔａｇｒａｍ,0,0,1000,名詞,一般,*,*,*,*,ｉｎｓｔａｇｒａｍ,インスタグラム,インスタグラム,0/7,C0
ｆｉｒｅｆｏｘ,0,0,1000,名詞,一般,*,*,*,*,ｆｉｒｅｆｏｘ,ファイアフォックス,ファイアフォックス,0/9,C0
ｆｉｒｅｗａｌｌ,0,0,1000,名詞,一般,*,*,*,*,ｆｉｒｅｗａｌｌ,ファイアウォール,ファイアウォール,0/8,C0
ｐｏｗｅｒ,0,0,1000,名詞,一般,*,*,*,*,ｐｏｗｅｒ,パワー,パワー,0/3,C0
ｐｏｗｅｒｐｏｉｎｔ,0,0,1000,名詞,一般,*,*,*,*,ｐｏｗｅｒｐｏｉｎｔ,パワーポイント,パワーポイント,0/7,C0
ｄｒｙｅｒ,0,0,1000,名詞,一般,*,*,*,*,ｄｒｙｅｒ,ドライヤー,ドライヤー,0/5,C0
